feed_id,source_system,partner,region,channel,amount,currency,status,event_time,correlation_id
F-1001,partner-sftp,northstar-bank,AMER,sftp,23395.62,EUR,settled,2026-07-01T00:07:00Z,corr-1001
F-1002,payments-core,nimbus-kyc,AMER,webhook,35877.81,USD,settled,2026-07-01T00:14:00Z,corr-1002
F-1003,regulatory-in,nimbus-kyc,AMER,webhook,16921.23,INR,settled,2026-07-01T00:21:00Z,corr-1003
F-1004,ledger-erp,orbit-pay,AMER,ach,59349.4,GBP,settled,2026-07-01T00:28:00Z,corr-1004
F-1005,regulatory-in,orbit-pay,AMER,wire,32309.32,GBP,pending,2026-07-01T00:35:00Z,corr-1005
F-1006,ledger-erp,orbit-pay,AMER,sftp,39064.63,USD,retrying,2026-07-01T00:42:00Z,corr-1006
F-1007,crm-sync,northstar-bank,APAC,sftp,52583.72,GBP,settled,2026-07-01T00:49:00Z,corr-1007
F-1008,partner-sftp,northstar-bank,AMER,sftp,19390.66,GBP,retrying,2026-07-01T00:56:00Z,corr-1008
F-1009,regulatory-in,northstar-bank,LATAM,api,38553.54,GBP,settled,2026-07-01T01:03:00Z,corr-1009
F-1010,market-data,helix-clearing,APAC,sftp,79617.22,USD,settled,2026-07-01T01:10:00Z,corr-1010
F-1011,regulatory-in,nimbus-kyc,EU,ach,39305.56,GBP,retrying,2026-07-01T01:17:00Z,corr-1011
F-1012,partner-sftp,nimbus-kyc,EU,sftp,27580.93,USD,settled,2026-07-01T01:24:00Z,corr-1012
F-1013,payments-core,orbit-pay,LATAM,api,5649.38,GBP,settled,2026-07-01T01:31:00Z,corr-1013
F-1014,crm-sync,summit-fx,LATAM,ach,22533.19,EUR,pending,2026-07-01T01:38:00Z,corr-1014
F-1015,ledger-erp,orbit-pay,LATAM,webhook,33964.06,EUR,retrying,2026-07-01T01:45:00Z,corr-1015
F-1016,regulatory-in,nimbus-kyc,LATAM,wire,64247.59,USD,settled,2026-07-01T01:52:00Z,corr-1016
F-1017,regulatory-in,summit-fx,AMER,file,32453.1,INR,settled,2026-07-01T01:59:00Z,corr-1017
F-1018,ledger-erp,northstar-bank,AMER,sftp,75209.9,GBP,pending,2026-07-01T02:06:00Z,corr-1018
F-1019,market-data,northstar-bank,APAC,file,13464.46,USD,retrying,2026-07-01T02:13:00Z,corr-1019
F-1020,partner-sftp,orbit-pay,EU,webhook,77575.55,GBP,pending,2026-07-01T02:20:00Z,corr-1020
F-1021,ledger-erp,nimbus-kyc,EU,ach,31798.33,EUR,settled,2026-07-01T02:27:00Z,corr-1021
F-1022,ledger-erp,northstar-bank,APAC,file,1680.04,GBP,failed,2026-07-01T02:34:00Z,corr-1022
F-1023,market-data,helix-clearing,AMER,ach,74633.87,USD,settled,2026-07-01T02:41:00Z,corr-1023
F-1024,crm-sync,northstar-bank,EU,ach,56087.33,EUR,settled,2026-07-01T02:48:00Z,corr-1024
F-1025,ledger-erp,summit-fx,EU,webhook,64203.66,EUR,pending,2026-07-01T02:55:00Z,corr-1025
F-1026,crm-sync,orbit-pay,LATAM,webhook,38390.03,EUR,settled,2026-07-01T03:02:00Z,corr-1026
F-1027,market-data,northstar-bank,EU,webhook,18737.97,USD,pending,2026-07-01T03:09:00Z,corr-1027
F-1028,payments-core,helix-clearing,AMER,wire,73072.52,USD,settled,2026-07-01T03:16:00Z,corr-1028
F-1029,market-data,summit-fx,EU,webhook,11268.2,INR,settled,2026-07-01T03:23:00Z,corr-1029
F-1030,crm-sync,summit-fx,EU,wire,8261.7,INR,settled,2026-07-01T03:30:00Z,corr-1030
F-1031,crm-sync,summit-fx,AMER,sftp,55552.38,USD,settled,2026-07-01T03:37:00Z,corr-1031
F-1032,partner-sftp,orbit-pay,AMER,ach,16305.37,INR,settled,2026-07-01T03:44:00Z,corr-1032
F-1033,regulatory-in,orbit-pay,LATAM,ach,74334.44,USD,settled,2026-07-01T03:51:00Z,corr-1033
F-1034,ledger-erp,northstar-bank,AMER,sftp,84939.03,USD,retrying,2026-07-01T03:58:00Z,corr-1034
F-1035,regulatory-in,helix-clearing,LATAM,file,40928.43,INR,failed,2026-07-01T04:05:00Z,corr-1035
F-1036,regulatory-in,summit-fx,AMER,file,22560.63,INR,settled,2026-07-01T04:12:00Z,corr-1036
F-1037,partner-sftp,nimbus-kyc,LATAM,ach,16161.57,EUR,retrying,2026-07-01T04:19:00Z,corr-1037
F-1038,ledger-erp,nimbus-kyc,AMER,sftp,26673.57,USD,settled,2026-07-01T04:26:00Z,corr-1038
F-1039,ledger-erp,nimbus-kyc,EU,wire,81667.19,USD,failed,2026-07-01T04:33:00Z,corr-1039
F-1040,payments-core,nimbus-kyc,AMER,sftp,73258.09,INR,settled,2026-07-01T04:40:00Z,corr-1040
F-1041,ledger-erp,helix-clearing,AMER,webhook,6991.54,GBP,failed,2026-07-01T04:47:00Z,corr-1041
F-1042,regulatory-in,orbit-pay,EU,api,33656.9,GBP,settled,2026-07-01T04:54:00Z,corr-1042
F-1043,payments-core,northstar-bank,LATAM,webhook,84868.67,USD,settled,2026-07-01T05:01:00Z,corr-1043
F-1044,regulatory-in,nimbus-kyc,APAC,ach,79328.72,USD,failed,2026-07-01T05:08:00Z,corr-1044
F-1045,market-data,orbit-pay,EU,file,70872.48,GBP,settled,2026-07-01T05:15:00Z,corr-1045
F-1046,partner-sftp,nimbus-kyc,AMER,sftp,69458.42,GBP,failed,2026-07-01T05:22:00Z,corr-1046
F-1047,payments-core,helix-clearing,APAC,wire,75628.34,EUR,settled,2026-07-01T05:29:00Z,corr-1047
F-1048,ledger-erp,helix-clearing,APAC,ach,58445.07,GBP,settled,2026-07-01T05:36:00Z,corr-1048
F-1049,market-data,northstar-bank,AMER,sftp,36018.35,GBP,settled,2026-07-01T05:43:00Z,corr-1049
F-1050,market-data,helix-clearing,APAC,ach,63011.1,INR,settled,2026-07-01T05:50:00Z,corr-1050
F-1051,payments-core,northstar-bank,EU,webhook,3086.49,GBP,settled,2026-07-01T05:57:00Z,corr-1051
F-1052,regulatory-in,summit-fx,EU,wire,26219.25,USD,failed,2026-07-01T06:04:00Z,corr-1052
F-1053,regulatory-in,helix-clearing,AMER,api,66315.38,INR,retrying,2026-07-01T06:11:00Z,corr-1053
F-1054,partner-sftp,helix-clearing,EU,ach,82978.11,EUR,failed,2026-07-01T06:18:00Z,corr-1054
F-1055,payments-core,helix-clearing,APAC,file,68194.93,EUR,settled,2026-07-01T06:25:00Z,corr-1055
F-1056,partner-sftp,northstar-bank,LATAM,wire,72983.96,EUR,settled,2026-07-01T06:32:00Z,corr-1056
F-1057,crm-sync,orbit-pay,APAC,ach,18967.93,EUR,settled,2026-07-01T06:39:00Z,corr-1057
F-1058,market-data,northstar-bank,APAC,api,54534.91,INR,settled,2026-07-01T06:46:00Z,corr-1058
F-1059,ledger-erp,orbit-pay,AMER,wire,74551.34,GBP,settled,2026-07-01T06:53:00Z,corr-1059
F-1060,market-data,northstar-bank,AMER,webhook,36952.06,GBP,settled,2026-07-01T07:00:00Z,corr-1060
F-1061,ledger-erp,northstar-bank,LATAM,webhook,16176.94,USD,pending,2026-07-01T07:07:00Z,corr-1061
F-1062,payments-core,nimbus-kyc,EU,api,36674.5,GBP,settled,2026-07-01T07:14:00Z,corr-1062
F-1063,partner-sftp,northstar-bank,APAC,webhook,26306.46,INR,settled,2026-07-01T07:21:00Z,corr-1063
F-1064,partner-sftp,orbit-pay,EU,ach,35752.43,INR,settled,2026-07-01T07:28:00Z,corr-1064
F-1065,regulatory-in,nimbus-kyc,APAC,file,46585.96,USD,settled,2026-07-01T07:35:00Z,corr-1065
F-1066,regulatory-in,summit-fx,APAC,file,37565.77,EUR,settled,2026-07-01T07:42:00Z,corr-1066
F-1067,partner-sftp,helix-clearing,AMER,api,43825.53,GBP,settled,2026-07-01T07:49:00Z,corr-1067
F-1068,regulatory-in,orbit-pay,EU,ach,12546.4,USD,settled,2026-07-01T07:56:00Z,corr-1068
F-1069,crm-sync,nimbus-kyc,AMER,file,35242.12,EUR,pending,2026-07-01T08:03:00Z,corr-1069
F-1070,crm-sync,summit-fx,LATAM,ach,12564.88,USD,failed,2026-07-01T08:10:00Z,corr-1070
F-1071,payments-core,summit-fx,EU,ach,68354.24,INR,settled,2026-07-01T08:17:00Z,corr-1071
F-1072,regulatory-in,northstar-bank,LATAM,ach,68125.38,GBP,retrying,2026-07-01T08:24:00Z,corr-1072
F-1073,crm-sync,nimbus-kyc,LATAM,webhook,37916.51,EUR,pending,2026-07-01T08:31:00Z,corr-1073
F-1074,crm-sync,summit-fx,APAC,ach,71392.35,GBP,pending,2026-07-01T08:38:00Z,corr-1074
F-1075,ledger-erp,summit-fx,EU,api,37403.17,GBP,settled,2026-07-01T08:45:00Z,corr-1075
F-1076,market-data,orbit-pay,AMER,ach,12841.84,INR,settled,2026-07-01T08:52:00Z,corr-1076
F-1077,partner-sftp,helix-clearing,AMER,file,34660.76,INR,settled,2026-07-01T08:59:00Z,corr-1077
F-1078,regulatory-in,summit-fx,LATAM,webhook,80416.62,USD,failed,2026-07-01T09:06:00Z,corr-1078
F-1079,ledger-erp,summit-fx,LATAM,wire,80134.47,GBP,pending,2026-07-01T09:13:00Z,corr-1079
F-1080,crm-sync,nimbus-kyc,EU,file,18670.35,INR,settled,2026-07-01T09:20:00Z,corr-1080
F-1081,crm-sync,orbit-pay,LATAM,sftp,14049.68,INR,failed,2026-07-01T09:27:00Z,corr-1081
F-1082,ledger-erp,nimbus-kyc,AMER,file,50321.09,USD,settled,2026-07-01T09:34:00Z,corr-1082
F-1083,crm-sync,helix-clearing,LATAM,ach,4297.94,INR,settled,2026-07-01T09:41:00Z,corr-1083
F-1084,crm-sync,orbit-pay,APAC,file,23669.86,INR,settled,2026-07-01T09:48:00Z,corr-1084
F-1085,payments-core,summit-fx,AMER,sftp,45862.13,GBP,settled,2026-07-01T09:55:00Z,corr-1085
F-1086,payments-core,northstar-bank,AMER,ach,16965.67,USD,settled,2026-07-01T10:02:00Z,corr-1086
F-1087,regulatory-in,helix-clearing,LATAM,sftp,9745.24,EUR,settled,2026-07-01T10:09:00Z,corr-1087
F-1088,market-data,orbit-pay,EU,webhook,51625.86,USD,pending,2026-07-01T10:16:00Z,corr-1088
F-1089,regulatory-in,orbit-pay,AMER,webhook,2207.02,GBP,settled,2026-07-01T10:23:00Z,corr-1089
F-1090,crm-sync,summit-fx,EU,wire,50338.52,EUR,settled,2026-07-01T10:30:00Z,corr-1090
F-1091,market-data,nimbus-kyc,AMER,webhook,66529.44,GBP,settled,2026-07-01T10:37:00Z,corr-1091
F-1092,partner-sftp,orbit-pay,AMER,webhook,55049.99,USD,pending,2026-07-01T10:44:00Z,corr-1092
F-1093,crm-sync,northstar-bank,LATAM,api,54033.84,INR,pending,2026-07-01T10:51:00Z,corr-1093
F-1094,crm-sync,helix-clearing,APAC,webhook,68701.73,INR,settled,2026-07-01T10:58:00Z,corr-1094
F-1095,partner-sftp,nimbus-kyc,APAC,api,72399.33,USD,settled,2026-07-01T11:05:00Z,corr-1095
F-1096,crm-sync,helix-clearing,LATAM,webhook,51887.94,INR,settled,2026-07-01T11:12:00Z,corr-1096
F-1097,crm-sync,orbit-pay,EU,file,18049.88,GBP,settled,2026-07-01T11:19:00Z,corr-1097
F-1098,ledger-erp,orbit-pay,AMER,webhook,80586.62,USD,settled,2026-07-01T11:26:00Z,corr-1098
F-1099,crm-sync,summit-fx,EU,sftp,40481.01,INR,settled,2026-07-01T11:33:00Z,corr-1099
F-1100,payments-core,northstar-bank,APAC,ach,34388.99,EUR,settled,2026-07-01T11:40:00Z,corr-1100
F-1101,ledger-erp,orbit-pay,LATAM,webhook,45140.09,INR,retrying,2026-07-01T11:47:00Z,corr-1101
F-1102,ledger-erp,orbit-pay,APAC,sftp,38582.0,GBP,settled,2026-07-01T11:54:00Z,corr-1102
F-1103,payments-core,helix-clearing,APAC,wire,63151.32,EUR,settled,2026-07-01T12:01:00Z,corr-1103
F-1104,partner-sftp,summit-fx,APAC,sftp,50125.15,GBP,retrying,2026-07-01T12:08:00Z,corr-1104
F-1105,regulatory-in,orbit-pay,EU,api,15273.05,USD,pending,2026-07-01T12:15:00Z,corr-1105
F-1106,regulatory-in,orbit-pay,AMER,wire,47046.68,EUR,settled,2026-07-01T12:22:00Z,corr-1106
F-1107,crm-sync,northstar-bank,AMER,webhook,24186.73,INR,settled,2026-07-01T12:29:00Z,corr-1107
F-1108,regulatory-in,northstar-bank,APAC,file,9719.55,USD,settled,2026-07-01T12:36:00Z,corr-1108
F-1109,payments-core,nimbus-kyc,AMER,ach,12703.06,GBP,settled,2026-07-01T12:43:00Z,corr-1109
F-1110,regulatory-in,northstar-bank,LATAM,webhook,50680.88,EUR,pending,2026-07-01T12:50:00Z,corr-1110
F-1111,crm-sync,summit-fx,LATAM,api,73117.66,INR,settled,2026-07-01T12:57:00Z,corr-1111
F-1112,ledger-erp,northstar-bank,AMER,ach,53178.14,GBP,settled,2026-07-01T13:04:00Z,corr-1112
F-1113,regulatory-in,helix-clearing,EU,webhook,6403.64,USD,settled,2026-07-01T13:11:00Z,corr-1113
F-1114,partner-sftp,nimbus-kyc,LATAM,api,2798.57,GBP,pending,2026-07-01T13:18:00Z,corr-1114
F-1115,partner-sftp,summit-fx,AMER,sftp,19860.19,GBP,pending,2026-07-01T13:25:00Z,corr-1115
F-1116,partner-sftp,nimbus-kyc,EU,file,9778.12,EUR,settled,2026-07-01T13:32:00Z,corr-1116
F-1117,market-data,helix-clearing,AMER,wire,14124.29,GBP,settled,2026-07-01T13:39:00Z,corr-1117
F-1118,ledger-erp,orbit-pay,LATAM,wire,39852.61,GBP,settled,2026-07-01T13:46:00Z,corr-1118
F-1119,market-data,nimbus-kyc,LATAM,file,6860.55,USD,failed,2026-07-01T13:53:00Z,corr-1119
F-1120,partner-sftp,orbit-pay,APAC,wire,7785.5,USD,retrying,2026-07-01T14:00:00Z,corr-1120
F-1121,partner-sftp,orbit-pay,AMER,ach,40005.81,INR,failed,2026-07-01T14:07:00Z,corr-1121
F-1122,regulatory-in,nimbus-kyc,LATAM,sftp,69215.46,USD,settled,2026-07-01T14:14:00Z,corr-1122
F-1123,crm-sync,orbit-pay,APAC,sftp,8913.38,EUR,settled,2026-07-01T14:21:00Z,corr-1123
F-1124,partner-sftp,summit-fx,APAC,sftp,80342.82,USD,settled,2026-07-01T14:28:00Z,corr-1124
F-1125,market-data,orbit-pay,APAC,wire,82466.45,INR,failed,2026-07-01T14:35:00Z,corr-1125
F-1126,payments-core,nimbus-kyc,LATAM,file,4630.99,GBP,settled,2026-07-01T14:42:00Z,corr-1126
F-1127,crm-sync,summit-fx,AMER,ach,22718.1,EUR,failed,2026-07-01T14:49:00Z,corr-1127
F-1128,crm-sync,summit-fx,AMER,wire,82718.15,EUR,pending,2026-07-01T14:56:00Z,corr-1128
F-1129,market-data,nimbus-kyc,AMER,webhook,34694.01,EUR,retrying,2026-07-01T15:03:00Z,corr-1129
F-1130,payments-core,summit-fx,AMER,sftp,70736.37,INR,failed,2026-07-01T15:10:00Z,corr-1130
F-1131,market-data,nimbus-kyc,APAC,file,70955.67,INR,settled,2026-07-01T15:17:00Z,corr-1131
F-1132,ledger-erp,helix-clearing,LATAM,ach,78360.75,EUR,failed,2026-07-01T15:24:00Z,corr-1132
F-1133,market-data,summit-fx,APAC,webhook,22728.0,USD,settled,2026-07-01T15:31:00Z,corr-1133
F-1134,market-data,nimbus-kyc,LATAM,ach,37970.36,INR,settled,2026-07-01T15:38:00Z,corr-1134
F-1135,ledger-erp,nimbus-kyc,LATAM,file,79294.12,EUR,retrying,2026-07-01T15:45:00Z,corr-1135
F-1136,regulatory-in,nimbus-kyc,LATAM,ach,72764.7,INR,settled,2026-07-01T15:52:00Z,corr-1136
F-1137,partner-sftp,summit-fx,LATAM,file,84015.48,EUR,settled,2026-07-01T15:59:00Z,corr-1137
F-1138,payments-core,helix-clearing,APAC,wire,74309.33,INR,settled,2026-07-01T16:06:00Z,corr-1138
F-1139,crm-sync,northstar-bank,EU,file,74032.53,EUR,settled,2026-07-01T16:13:00Z,corr-1139
F-1140,market-data,orbit-pay,LATAM,sftp,6849.79,GBP,failed,2026-07-01T16:20:00Z,corr-1140
F-1141,ledger-erp,summit-fx,APAC,sftp,61098.01,INR,failed,2026-07-01T16:27:00Z,corr-1141
F-1142,payments-core,nimbus-kyc,AMER,ach,53657.91,GBP,retrying,2026-07-01T16:34:00Z,corr-1142
F-1143,partner-sftp,northstar-bank,LATAM,wire,64637.41,USD,settled,2026-07-01T16:41:00Z,corr-1143
F-1144,partner-sftp,orbit-pay,AMER,wire,27588.74,USD,settled,2026-07-01T16:48:00Z,corr-1144
F-1145,market-data,summit-fx,EU,ach,45160.86,EUR,settled,2026-07-01T16:55:00Z,corr-1145
F-1146,payments-core,nimbus-kyc,LATAM,webhook,58074.36,INR,failed,2026-07-01T17:02:00Z,corr-1146
F-1147,regulatory-in,helix-clearing,LATAM,sftp,21606.72,GBP,settled,2026-07-01T17:09:00Z,corr-1147
F-1148,crm-sync,orbit-pay,EU,wire,37560.99,GBP,retrying,2026-07-01T17:16:00Z,corr-1148
F-1149,market-data,summit-fx,APAC,file,71854.7,EUR,retrying,2026-07-01T17:23:00Z,corr-1149
F-1150,crm-sync,northstar-bank,EU,file,48624.13,GBP,retrying,2026-07-01T17:30:00Z,corr-1150
F-1151,market-data,northstar-bank,LATAM,api,713.12,USD,failed,2026-07-01T17:37:00Z,corr-1151
F-1152,partner-sftp,summit-fx,APAC,ach,51610.35,GBP,settled,2026-07-01T17:44:00Z,corr-1152
F-1153,regulatory-in,nimbus-kyc,APAC,sftp,64230.18,EUR,settled,2026-07-01T17:51:00Z,corr-1153
F-1154,partner-sftp,northstar-bank,APAC,file,2860.15,GBP,pending,2026-07-01T17:58:00Z,corr-1154
F-1155,payments-core,orbit-pay,APAC,sftp,35332.38,EUR,settled,2026-07-01T18:05:00Z,corr-1155
F-1156,ledger-erp,orbit-pay,APAC,ach,21861.03,INR,retrying,2026-07-01T18:12:00Z,corr-1156
F-1157,market-data,orbit-pay,AMER,file,81846.86,EUR,pending,2026-07-01T18:19:00Z,corr-1157
F-1158,regulatory-in,summit-fx,APAC,wire,67213.2,USD,settled,2026-07-01T18:26:00Z,corr-1158
F-1159,payments-core,summit-fx,APAC,sftp,63672.26,GBP,settled,2026-07-01T18:33:00Z,corr-1159
F-1160,partner-sftp,orbit-pay,AMER,sftp,19894.02,USD,settled,2026-07-01T18:40:00Z,corr-1160
F-1161,ledger-erp,orbit-pay,EU,sftp,5396.87,INR,failed,2026-07-01T18:47:00Z,corr-1161
F-1162,market-data,summit-fx,AMER,ach,3878.35,USD,settled,2026-07-01T18:54:00Z,corr-1162
F-1163,crm-sync,northstar-bank,AMER,ach,75419.86,EUR,settled,2026-07-01T19:01:00Z,corr-1163
F-1164,market-data,nimbus-kyc,LATAM,webhook,63099.31,EUR,failed,2026-07-01T19:08:00Z,corr-1164
F-1165,partner-sftp,northstar-bank,LATAM,webhook,34704.65,GBP,settled,2026-07-01T19:15:00Z,corr-1165
F-1166,market-data,helix-clearing,LATAM,file,80798.43,GBP,settled,2026-07-01T19:22:00Z,corr-1166
F-1167,partner-sftp,orbit-pay,APAC,wire,33856.92,EUR,retrying,2026-07-01T19:29:00Z,corr-1167
F-1168,crm-sync,northstar-bank,EU,sftp,54365.91,USD,settled,2026-07-01T19:36:00Z,corr-1168
F-1169,market-data,helix-clearing,EU,webhook,17462.34,EUR,settled,2026-07-01T19:43:00Z,corr-1169
F-1170,regulatory-in,orbit-pay,EU,webhook,265.95,EUR,retrying,2026-07-01T19:50:00Z,corr-1170
F-1171,ledger-erp,orbit-pay,EU,wire,56198.37,USD,settled,2026-07-01T19:57:00Z,corr-1171
F-1172,market-data,helix-clearing,APAC,wire,14831.57,USD,settled,2026-07-01T20:04:00Z,corr-1172
F-1173,crm-sync,nimbus-kyc,AMER,sftp,5425.84,INR,pending,2026-07-01T20:11:00Z,corr-1173
F-1174,ledger-erp,nimbus-kyc,AMER,file,42838.69,USD,pending,2026-07-01T20:18:00Z,corr-1174
F-1175,partner-sftp,nimbus-kyc,APAC,file,54692.87,USD,settled,2026-07-01T20:25:00Z,corr-1175
F-1176,crm-sync,summit-fx,LATAM,sftp,9199.06,INR,settled,2026-07-01T20:32:00Z,corr-1176
F-1177,payments-core,orbit-pay,EU,wire,10748.13,GBP,settled,2026-07-01T20:39:00Z,corr-1177
F-1178,ledger-erp,nimbus-kyc,APAC,file,42984.2,INR,settled,2026-07-01T20:46:00Z,corr-1178
F-1179,partner-sftp,northstar-bank,EU,file,38395.88,EUR,settled,2026-07-01T20:53:00Z,corr-1179
F-1180,crm-sync,summit-fx,LATAM,sftp,8104.92,INR,settled,2026-07-01T21:00:00Z,corr-1180
F-1181,market-data,orbit-pay,EU,sftp,78455.65,USD,settled,2026-07-01T21:07:00Z,corr-1181
F-1182,payments-core,northstar-bank,LATAM,wire,63296.45,GBP,pending,2026-07-01T21:14:00Z,corr-1182
F-1183,ledger-erp,northstar-bank,APAC,sftp,10411.6,GBP,failed,2026-07-01T21:21:00Z,corr-1183
F-1184,crm-sync,northstar-bank,APAC,webhook,26575.35,USD,settled,2026-07-01T21:28:00Z,corr-1184
F-1185,regulatory-in,helix-clearing,LATAM,ach,72022.18,GBP,pending,2026-07-01T21:35:00Z,corr-1185
F-1186,market-data,northstar-bank,APAC,webhook,19242.87,INR,pending,2026-07-01T21:42:00Z,corr-1186
F-1187,ledger-erp,nimbus-kyc,AMER,webhook,78973.94,GBP,settled,2026-07-01T21:49:00Z,corr-1187
F-1188,market-data,orbit-pay,APAC,api,543.84,EUR,settled,2026-07-01T21:56:00Z,corr-1188
F-1189,crm-sync,northstar-bank,EU,sftp,53828.79,USD,settled,2026-07-01T22:03:00Z,corr-1189
F-1190,ledger-erp,helix-clearing,LATAM,file,38573.55,EUR,settled,2026-07-01T22:10:00Z,corr-1190
F-1191,partner-sftp,orbit-pay,AMER,wire,13245.4,USD,settled,2026-07-01T22:17:00Z,corr-1191
F-1192,market-data,summit-fx,LATAM,file,51611.28,INR,settled,2026-07-01T22:24:00Z,corr-1192
F-1193,ledger-erp,northstar-bank,APAC,file,9447.86,INR,settled,2026-07-01T22:31:00Z,corr-1193
F-1194,market-data,northstar-bank,EU,file,83678.27,USD,settled,2026-07-01T22:38:00Z,corr-1194
F-1195,market-data,helix-clearing,EU,api,24620.77,USD,settled,2026-07-01T22:45:00Z,corr-1195
F-1196,partner-sftp,summit-fx,EU,ach,32333.13,EUR,settled,2026-07-01T22:52:00Z,corr-1196
F-1197,partner-sftp,orbit-pay,AMER,file,73253.43,USD,settled,2026-07-01T22:59:00Z,corr-1197
F-1198,crm-sync,northstar-bank,APAC,webhook,36503.43,INR,pending,2026-07-01T23:06:00Z,corr-1198
F-1199,crm-sync,orbit-pay,AMER,file,1797.29,GBP,settled,2026-07-01T23:13:00Z,corr-1199
F-1200,ledger-erp,summit-fx,APAC,wire,37134.58,USD,settled,2026-07-01T23:20:00Z,corr-1200
F-1201,ledger-erp,summit-fx,AMER,file,73997.81,GBP,settled,2026-07-01T23:27:00Z,corr-1201
F-1202,regulatory-in,northstar-bank,AMER,webhook,43358.18,GBP,settled,2026-07-01T23:34:00Z,corr-1202
F-1203,partner-sftp,helix-clearing,EU,wire,12469.1,EUR,settled,2026-07-01T23:41:00Z,corr-1203
F-1204,regulatory-in,northstar-bank,EU,sftp,42012.59,INR,settled,2026-07-01T23:48:00Z,corr-1204
F-1205,ledger-erp,nimbus-kyc,APAC,sftp,26888.9,INR,settled,2026-07-01T23:55:00Z,corr-1205
F-1206,crm-sync,orbit-pay,APAC,webhook,4798.23,USD,settled,2026-07-02T00:02:00Z,corr-1206
F-1207,crm-sync,northstar-bank,AMER,api,70698.42,USD,settled,2026-07-02T00:09:00Z,corr-1207
F-1208,payments-core,nimbus-kyc,LATAM,file,49338.49,USD,settled,2026-07-02T00:16:00Z,corr-1208
F-1209,ledger-erp,helix-clearing,APAC,webhook,40441.58,EUR,retrying,2026-07-02T00:23:00Z,corr-1209
F-1210,crm-sync,northstar-bank,APAC,sftp,7190.87,EUR,settled,2026-07-02T00:30:00Z,corr-1210
F-1211,partner-sftp,summit-fx,LATAM,webhook,44445.51,EUR,settled,2026-07-02T00:37:00Z,corr-1211
F-1212,market-data,summit-fx,LATAM,api,57714.33,USD,pending,2026-07-02T00:44:00Z,corr-1212
F-1213,partner-sftp,orbit-pay,AMER,api,8055.64,INR,settled,2026-07-02T00:51:00Z,corr-1213
F-1214,partner-sftp,nimbus-kyc,EU,api,6950.63,EUR,failed,2026-07-02T00:58:00Z,corr-1214
F-1215,market-data,summit-fx,EU,webhook,60258.17,USD,settled,2026-07-02T01:05:00Z,corr-1215
F-1216,crm-sync,orbit-pay,EU,sftp,59748.05,USD,settled,2026-07-02T01:12:00Z,corr-1216
F-1217,crm-sync,nimbus-kyc,APAC,wire,30836.74,EUR,retrying,2026-07-02T01:19:00Z,corr-1217
F-1218,market-data,summit-fx,EU,ach,84998.01,EUR,settled,2026-07-02T01:26:00Z,corr-1218
F-1219,payments-core,nimbus-kyc,AMER,sftp,28641.55,EUR,settled,2026-07-02T01:33:00Z,corr-1219
F-1220,regulatory-in,helix-clearing,EU,sftp,65549.04,EUR,pending,2026-07-02T01:40:00Z,corr-1220
F-1221,payments-core,summit-fx,APAC,sftp,61171.79,INR,settled,2026-07-02T01:47:00Z,corr-1221
F-1222,partner-sftp,summit-fx,EU,webhook,20348.34,INR,failed,2026-07-02T01:54:00Z,corr-1222
F-1223,regulatory-in,orbit-pay,LATAM,file,65408.04,INR,settled,2026-07-02T02:01:00Z,corr-1223
F-1224,crm-sync,helix-clearing,EU,webhook,11785.42,GBP,settled,2026-07-02T02:08:00Z,corr-1224
F-1225,crm-sync,orbit-pay,AMER,sftp,71904.7,USD,settled,2026-07-02T02:15:00Z,corr-1225
F-1226,regulatory-in,orbit-pay,LATAM,webhook,12545.95,INR,settled,2026-07-02T02:22:00Z,corr-1226
F-1227,regulatory-in,summit-fx,APAC,wire,35280.86,INR,settled,2026-07-02T02:29:00Z,corr-1227
F-1228,regulatory-in,summit-fx,AMER,api,19105.18,GBP,failed,2026-07-02T02:36:00Z,corr-1228
F-1229,partner-sftp,orbit-pay,EU,ach,3279.81,INR,settled,2026-07-02T02:43:00Z,corr-1229
F-1230,regulatory-in,summit-fx,LATAM,webhook,471.22,USD,settled,2026-07-02T02:50:00Z,corr-1230
F-1231,regulatory-in,helix-clearing,LATAM,wire,65980.27,EUR,settled,2026-07-02T02:57:00Z,corr-1231
F-1232,payments-core,helix-clearing,LATAM,sftp,67486.58,INR,settled,2026-07-02T03:04:00Z,corr-1232
F-1233,crm-sync,nimbus-kyc,AMER,sftp,43819.05,EUR,pending,2026-07-02T03:11:00Z,corr-1233
F-1234,market-data,summit-fx,AMER,webhook,30005.54,INR,settled,2026-07-02T03:18:00Z,corr-1234
F-1235,partner-sftp,northstar-bank,APAC,wire,81040.48,USD,settled,2026-07-02T03:25:00Z,corr-1235
F-1236,crm-sync,northstar-bank,LATAM,api,21578.93,USD,settled,2026-07-02T03:32:00Z,corr-1236
F-1237,payments-core,orbit-pay,EU,sftp,55862.45,USD,pending,2026-07-02T03:39:00Z,corr-1237
F-1238,partner-sftp,orbit-pay,EU,wire,29961.61,GBP,pending,2026-07-02T03:46:00Z,corr-1238
F-1239,regulatory-in,summit-fx,LATAM,sftp,15514.07,EUR,settled,2026-07-02T03:53:00Z,corr-1239
F-1240,crm-sync,northstar-bank,APAC,ach,3747.44,EUR,failed,2026-07-02T04:00:00Z,corr-1240
F-1241,market-data,orbit-pay,LATAM,webhook,40252.15,USD,pending,2026-07-02T04:07:00Z,corr-1241
F-1242,regulatory-in,orbit-pay,APAC,wire,73596.21,GBP,settled,2026-07-02T04:14:00Z,corr-1242
F-1243,market-data,summit-fx,LATAM,sftp,37391.62,INR,settled,2026-07-02T04:21:00Z,corr-1243
F-1244,regulatory-in,summit-fx,LATAM,api,78568.28,GBP,pending,2026-07-02T04:28:00Z,corr-1244
F-1245,partner-sftp,summit-fx,AMER,file,51218.47,EUR,settled,2026-07-02T04:35:00Z,corr-1245
F-1246,market-data,northstar-bank,AMER,api,56186.61,GBP,settled,2026-07-02T04:42:00Z,corr-1246
F-1247,partner-sftp,summit-fx,EU,sftp,37746.11,INR,settled,2026-07-02T04:49:00Z,corr-1247
F-1248,market-data,nimbus-kyc,LATAM,api,54363.9,USD,settled,2026-07-02T04:56:00Z,corr-1248
F-1249,partner-sftp,summit-fx,APAC,webhook,68098.13,EUR,retrying,2026-07-02T05:03:00Z,corr-1249
F-1250,regulatory-in,nimbus-kyc,LATAM,wire,10751.4,EUR,pending,2026-07-02T05:10:00Z,corr-1250
F-1251,market-data,orbit-pay,LATAM,webhook,2776.94,EUR,settled,2026-07-02T05:17:00Z,corr-1251
F-1252,market-data,orbit-pay,LATAM,wire,48794.0,GBP,settled,2026-07-02T05:24:00Z,corr-1252
F-1253,partner-sftp,orbit-pay,EU,wire,2226.99,EUR,settled,2026-07-02T05:31:00Z,corr-1253
F-1254,crm-sync,nimbus-kyc,AMER,api,65877.61,INR,settled,2026-07-02T05:38:00Z,corr-1254
F-1255,ledger-erp,orbit-pay,LATAM,ach,10446.11,USD,settled,2026-07-02T05:45:00Z,corr-1255
F-1256,partner-sftp,summit-fx,AMER,sftp,82243.52,GBP,settled,2026-07-02T05:52:00Z,corr-1256
F-1257,partner-sftp,northstar-bank,APAC,api,72369.49,EUR,pending,2026-07-02T05:59:00Z,corr-1257
F-1258,ledger-erp,helix-clearing,AMER,ach,67330.78,EUR,pending,2026-07-02T06:06:00Z,corr-1258
F-1259,payments-core,orbit-pay,APAC,file,68316.16,EUR,settled,2026-07-02T06:13:00Z,corr-1259
F-1260,payments-core,northstar-bank,APAC,file,84965.59,INR,settled,2026-07-02T06:20:00Z,corr-1260
F-1261,crm-sync,nimbus-kyc,AMER,ach,82652.97,USD,settled,2026-07-02T06:27:00Z,corr-1261
F-1262,partner-sftp,nimbus-kyc,APAC,ach,74629.66,EUR,pending,2026-07-02T06:34:00Z,corr-1262
F-1263,regulatory-in,summit-fx,AMER,wire,44050.73,GBP,settled,2026-07-02T06:41:00Z,corr-1263
F-1264,market-data,helix-clearing,APAC,webhook,76071.33,USD,settled,2026-07-02T06:48:00Z,corr-1264
F-1265,partner-sftp,nimbus-kyc,APAC,ach,53136.28,USD,settled,2026-07-02T06:55:00Z,corr-1265
F-1266,regulatory-in,nimbus-kyc,EU,ach,56000.83,GBP,pending,2026-07-02T07:02:00Z,corr-1266
F-1267,ledger-erp,northstar-bank,AMER,wire,3888.12,GBP,settled,2026-07-02T07:09:00Z,corr-1267
F-1268,ledger-erp,summit-fx,AMER,file,75567.51,GBP,settled,2026-07-02T07:16:00Z,corr-1268
F-1269,market-data,summit-fx,EU,sftp,34532.71,INR,settled,2026-07-02T07:23:00Z,corr-1269
F-1270,payments-core,helix-clearing,LATAM,file,41174.24,EUR,settled,2026-07-02T07:30:00Z,corr-1270
F-1271,regulatory-in,orbit-pay,APAC,sftp,83982.29,GBP,retrying,2026-07-02T07:37:00Z,corr-1271
F-1272,regulatory-in,orbit-pay,AMER,api,20566.67,USD,settled,2026-07-02T07:44:00Z,corr-1272
F-1273,regulatory-in,helix-clearing,AMER,wire,24685.77,INR,failed,2026-07-02T07:51:00Z,corr-1273
F-1274,crm-sync,helix-clearing,EU,api,79370.54,GBP,settled,2026-07-02T07:58:00Z,corr-1274
F-1275,regulatory-in,summit-fx,LATAM,file,74724.45,INR,settled,2026-07-02T08:05:00Z,corr-1275
F-1276,crm-sync,nimbus-kyc,LATAM,ach,18306.9,GBP,settled,2026-07-02T08:12:00Z,corr-1276
F-1277,market-data,summit-fx,LATAM,api,45630.3,USD,settled,2026-07-02T08:19:00Z,corr-1277
F-1278,market-data,orbit-pay,LATAM,api,3869.47,USD,settled,2026-07-02T08:26:00Z,corr-1278
F-1279,regulatory-in,orbit-pay,APAC,wire,32854.99,INR,pending,2026-07-02T08:33:00Z,corr-1279
F-1280,market-data,nimbus-kyc,AMER,ach,82882.66,INR,settled,2026-07-02T08:40:00Z,corr-1280
F-1281,market-data,nimbus-kyc,APAC,ach,16939.94,INR,settled,2026-07-02T08:47:00Z,corr-1281
F-1282,payments-core,northstar-bank,EU,sftp,28325.13,INR,settled,2026-07-02T08:54:00Z,corr-1282
F-1283,regulatory-in,nimbus-kyc,EU,api,79168.06,GBP,settled,2026-07-02T09:01:00Z,corr-1283
F-1284,ledger-erp,orbit-pay,APAC,webhook,70408.89,INR,pending,2026-07-02T09:08:00Z,corr-1284
F-1285,market-data,summit-fx,AMER,api,28172.08,USD,retrying,2026-07-02T09:15:00Z,corr-1285
F-1286,ledger-erp,orbit-pay,AMER,webhook,40353.3,EUR,pending,2026-07-02T09:22:00Z,corr-1286
F-1287,ledger-erp,summit-fx,EU,webhook,53476.42,INR,settled,2026-07-02T09:29:00Z,corr-1287
F-1288,partner-sftp,helix-clearing,AMER,webhook,80598.73,USD,settled,2026-07-02T09:36:00Z,corr-1288
F-1289,crm-sync,orbit-pay,LATAM,ach,35116.29,EUR,settled,2026-07-02T09:43:00Z,corr-1289
F-1290,ledger-erp,summit-fx,AMER,sftp,11758.56,EUR,settled,2026-07-02T09:50:00Z,corr-1290
F-1291,partner-sftp,summit-fx,LATAM,api,81319.35,INR,failed,2026-07-02T09:57:00Z,corr-1291
F-1292,market-data,nimbus-kyc,APAC,sftp,65624.83,GBP,settled,2026-07-02T10:04:00Z,corr-1292
F-1293,regulatory-in,helix-clearing,APAC,webhook,25389.97,GBP,pending,2026-07-02T10:11:00Z,corr-1293
F-1294,partner-sftp,helix-clearing,LATAM,api,40796.3,GBP,settled,2026-07-02T10:18:00Z,corr-1294
F-1295,ledger-erp,nimbus-kyc,LATAM,file,69566.62,EUR,settled,2026-07-02T10:25:00Z,corr-1295
F-1296,market-data,northstar-bank,APAC,file,55766.22,INR,settled,2026-07-02T10:32:00Z,corr-1296
F-1297,ledger-erp,orbit-pay,APAC,ach,9306.53,EUR,settled,2026-07-02T10:39:00Z,corr-1297
F-1298,partner-sftp,nimbus-kyc,EU,sftp,19810.29,USD,settled,2026-07-02T10:46:00Z,corr-1298
F-1299,partner-sftp,summit-fx,AMER,sftp,65520.85,USD,retrying,2026-07-02T10:53:00Z,corr-1299
F-1300,regulatory-in,summit-fx,LATAM,file,55304.53,GBP,settled,2026-07-02T11:00:00Z,corr-1300
F-1301,partner-sftp,northstar-bank,AMER,sftp,48811.98,USD,failed,2026-07-02T11:07:00Z,corr-1301
F-1302,regulatory-in,summit-fx,EU,wire,84759.67,INR,pending,2026-07-02T11:14:00Z,corr-1302
F-1303,regulatory-in,orbit-pay,AMER,wire,25380.88,USD,failed,2026-07-02T11:21:00Z,corr-1303
F-1304,market-data,orbit-pay,LATAM,sftp,46191.96,INR,failed,2026-07-02T11:28:00Z,corr-1304
F-1305,regulatory-in,nimbus-kyc,LATAM,api,16409.15,USD,settled,2026-07-02T11:35:00Z,corr-1305
F-1306,partner-sftp,summit-fx,APAC,sftp,15847.27,GBP,pending,2026-07-02T11:42:00Z,corr-1306
F-1307,ledger-erp,helix-clearing,EU,webhook,72776.05,INR,pending,2026-07-02T11:49:00Z,corr-1307
F-1308,ledger-erp,orbit-pay,AMER,file,56895.02,EUR,retrying,2026-07-02T11:56:00Z,corr-1308
F-1309,crm-sync,orbit-pay,EU,wire,22185.23,EUR,settled,2026-07-02T12:03:00Z,corr-1309
F-1310,market-data,orbit-pay,APAC,webhook,61451.94,USD,settled,2026-07-02T12:10:00Z,corr-1310
F-1311,market-data,helix-clearing,AMER,sftp,10071.16,GBP,settled,2026-07-02T12:17:00Z,corr-1311
F-1312,partner-sftp,nimbus-kyc,APAC,sftp,10002.4,GBP,settled,2026-07-02T12:24:00Z,corr-1312
F-1313,regulatory-in,helix-clearing,EU,file,13041.94,GBP,settled,2026-07-02T12:31:00Z,corr-1313
F-1314,ledger-erp,summit-fx,EU,ach,57837.05,USD,settled,2026-07-02T12:38:00Z,corr-1314
F-1315,ledger-erp,orbit-pay,AMER,webhook,9559.94,EUR,settled,2026-07-02T12:45:00Z,corr-1315
F-1316,regulatory-in,helix-clearing,APAC,webhook,37570.4,EUR,pending,2026-07-02T12:52:00Z,corr-1316
F-1317,crm-sync,northstar-bank,LATAM,wire,38555.41,INR,settled,2026-07-02T12:59:00Z,corr-1317
F-1318,payments-core,nimbus-kyc,LATAM,sftp,68592.63,USD,settled,2026-07-02T13:06:00Z,corr-1318
F-1319,payments-core,helix-clearing,AMER,wire,36028.69,USD,settled,2026-07-02T13:13:00Z,corr-1319
F-1320,payments-core,northstar-bank,LATAM,wire,24420.53,EUR,pending,2026-07-02T13:20:00Z,corr-1320
F-1321,partner-sftp,summit-fx,APAC,file,38139.44,INR,settled,2026-07-02T13:27:00Z,corr-1321
F-1322,partner-sftp,nimbus-kyc,EU,sftp,73127.85,USD,settled,2026-07-02T13:34:00Z,corr-1322
F-1323,ledger-erp,summit-fx,EU,sftp,83192.1,USD,pending,2026-07-02T13:41:00Z,corr-1323
F-1324,market-data,summit-fx,LATAM,webhook,32254.02,EUR,settled,2026-07-02T13:48:00Z,corr-1324
F-1325,market-data,helix-clearing,APAC,ach,79681.45,USD,settled,2026-07-02T13:55:00Z,corr-1325
F-1326,partner-sftp,summit-fx,AMER,ach,17536.79,USD,settled,2026-07-02T14:02:00Z,corr-1326
F-1327,crm-sync,nimbus-kyc,AMER,ach,62952.48,INR,settled,2026-07-02T14:09:00Z,corr-1327
F-1328,ledger-erp,helix-clearing,AMER,ach,42843.55,GBP,settled,2026-07-02T14:16:00Z,corr-1328
F-1329,partner-sftp,nimbus-kyc,APAC,webhook,50833.05,GBP,settled,2026-07-02T14:23:00Z,corr-1329
F-1330,regulatory-in,nimbus-kyc,EU,file,25560.07,USD,settled,2026-07-02T14:30:00Z,corr-1330
F-1331,ledger-erp,helix-clearing,LATAM,webhook,42140.38,GBP,failed,2026-07-02T14:37:00Z,corr-1331
F-1332,partner-sftp,summit-fx,APAC,sftp,35402.19,EUR,settled,2026-07-02T14:44:00Z,corr-1332
F-1333,regulatory-in,nimbus-kyc,LATAM,ach,72197.75,GBP,failed,2026-07-02T14:51:00Z,corr-1333
F-1334,regulatory-in,summit-fx,AMER,webhook,35092.27,INR,settled,2026-07-02T14:58:00Z,corr-1334
F-1335,regulatory-in,summit-fx,EU,api,17303.54,USD,failed,2026-07-02T15:05:00Z,corr-1335
F-1336,market-data,northstar-bank,EU,wire,22837.52,USD,failed,2026-07-02T15:12:00Z,corr-1336
F-1337,regulatory-in,nimbus-kyc,EU,file,17775.35,GBP,settled,2026-07-02T15:19:00Z,corr-1337
F-1338,payments-core,helix-clearing,EU,sftp,9993.94,INR,failed,2026-07-02T15:26:00Z,corr-1338
F-1339,partner-sftp,nimbus-kyc,EU,file,77787.87,GBP,pending,2026-07-02T15:33:00Z,corr-1339
F-1340,crm-sync,summit-fx,APAC,api,22251.2,INR,settled,2026-07-02T15:40:00Z,corr-1340
F-1341,partner-sftp,summit-fx,APAC,ach,31525.65,INR,settled,2026-07-02T15:47:00Z,corr-1341
F-1342,regulatory-in,helix-clearing,AMER,api,47042.65,INR,settled,2026-07-02T15:54:00Z,corr-1342
F-1343,regulatory-in,orbit-pay,EU,file,48442.86,EUR,settled,2026-07-02T16:01:00Z,corr-1343
F-1344,partner-sftp,orbit-pay,APAC,file,82154.04,INR,settled,2026-07-02T16:08:00Z,corr-1344
F-1345,partner-sftp,orbit-pay,EU,ach,61233.64,INR,settled,2026-07-02T16:15:00Z,corr-1345
F-1346,ledger-erp,northstar-bank,AMER,wire,80342.36,USD,pending,2026-07-02T16:22:00Z,corr-1346
F-1347,crm-sync,helix-clearing,EU,wire,60116.73,USD,settled,2026-07-02T16:29:00Z,corr-1347
F-1348,crm-sync,orbit-pay,AMER,webhook,54215.99,INR,settled,2026-07-02T16:36:00Z,corr-1348
F-1349,payments-core,northstar-bank,LATAM,wire,1446.3,GBP,settled,2026-07-02T16:43:00Z,corr-1349
F-1350,market-data,northstar-bank,LATAM,ach,9118.72,USD,settled,2026-07-02T16:50:00Z,corr-1350
F-1351,regulatory-in,helix-clearing,APAC,api,22740.92,INR,settled,2026-07-02T16:57:00Z,corr-1351
F-1352,crm-sync,summit-fx,EU,sftp,19217.22,USD,settled,2026-07-02T17:04:00Z,corr-1352
F-1353,partner-sftp,northstar-bank,AMER,file,32252.96,INR,settled,2026-07-02T17:11:00Z,corr-1353
F-1354,payments-core,helix-clearing,AMER,file,71856.9,GBP,settled,2026-07-02T17:18:00Z,corr-1354
F-1355,payments-core,nimbus-kyc,AMER,ach,17990.16,INR,settled,2026-07-02T17:25:00Z,corr-1355
F-1356,payments-core,orbit-pay,AMER,ach,78946.92,GBP,settled,2026-07-02T17:32:00Z,corr-1356
F-1357,regulatory-in,nimbus-kyc,EU,sftp,69781.18,USD,settled,2026-07-02T17:39:00Z,corr-1357
F-1358,ledger-erp,helix-clearing,LATAM,sftp,76207.28,GBP,settled,2026-07-02T17:46:00Z,corr-1358
F-1359,partner-sftp,helix-clearing,AMER,webhook,63370.17,GBP,settled,2026-07-02T17:53:00Z,corr-1359
F-1360,crm-sync,helix-clearing,AMER,api,51449.21,INR,retrying,2026-07-02T18:00:00Z,corr-1360
F-1361,market-data,northstar-bank,APAC,file,41714.03,GBP,settled,2026-07-02T18:07:00Z,corr-1361
F-1362,crm-sync,summit-fx,EU,sftp,49809.74,INR,settled,2026-07-02T18:14:00Z,corr-1362
F-1363,ledger-erp,orbit-pay,EU,sftp,6271.23,GBP,settled,2026-07-02T18:21:00Z,corr-1363
F-1364,partner-sftp,helix-clearing,LATAM,api,30675.5,USD,settled,2026-07-02T18:28:00Z,corr-1364
F-1365,market-data,summit-fx,APAC,api,8712.11,USD,settled,2026-07-02T18:35:00Z,corr-1365
F-1366,crm-sync,nimbus-kyc,LATAM,wire,2256.61,GBP,settled,2026-07-02T18:42:00Z,corr-1366
F-1367,ledger-erp,nimbus-kyc,APAC,file,1073.64,INR,settled,2026-07-02T18:49:00Z,corr-1367
F-1368,payments-core,nimbus-kyc,EU,webhook,44305.86,INR,settled,2026-07-02T18:56:00Z,corr-1368
F-1369,market-data,orbit-pay,APAC,file,12425.81,EUR,settled,2026-07-02T19:03:00Z,corr-1369
F-1370,crm-sync,orbit-pay,LATAM,wire,30711.59,EUR,pending,2026-07-02T19:10:00Z,corr-1370
F-1371,crm-sync,nimbus-kyc,EU,file,9114.98,GBP,settled,2026-07-02T19:17:00Z,corr-1371
F-1372,crm-sync,orbit-pay,LATAM,api,37432.94,INR,pending,2026-07-02T19:24:00Z,corr-1372
F-1373,partner-sftp,nimbus-kyc,EU,api,27273.52,EUR,settled,2026-07-02T19:31:00Z,corr-1373
F-1374,regulatory-in,summit-fx,APAC,api,62470.95,INR,retrying,2026-07-02T19:38:00Z,corr-1374
F-1375,regulatory-in,orbit-pay,LATAM,api,69406.62,INR,settled,2026-07-02T19:45:00Z,corr-1375
F-1376,ledger-erp,helix-clearing,EU,sftp,65253.33,USD,retrying,2026-07-02T19:52:00Z,corr-1376
F-1377,crm-sync,helix-clearing,LATAM,api,70663.17,USD,pending,2026-07-02T19:59:00Z,corr-1377
F-1378,crm-sync,summit-fx,EU,sftp,25758.2,GBP,settled,2026-07-02T20:06:00Z,corr-1378
F-1379,partner-sftp,summit-fx,LATAM,wire,38184.44,INR,settled,2026-07-02T20:13:00Z,corr-1379
F-1380,ledger-erp,nimbus-kyc,LATAM,webhook,3149.12,GBP,pending,2026-07-02T20:20:00Z,corr-1380
F-1381,ledger-erp,nimbus-kyc,AMER,wire,65366.87,GBP,settled,2026-07-02T20:27:00Z,corr-1381
F-1382,ledger-erp,northstar-bank,LATAM,api,82086.78,INR,settled,2026-07-02T20:34:00Z,corr-1382
F-1383,payments-core,orbit-pay,EU,webhook,63488.84,EUR,settled,2026-07-02T20:41:00Z,corr-1383
F-1384,crm-sync,summit-fx,EU,api,84804.79,INR,settled,2026-07-02T20:48:00Z,corr-1384
F-1385,crm-sync,northstar-bank,AMER,sftp,12063.85,GBP,settled,2026-07-02T20:55:00Z,corr-1385
F-1386,regulatory-in,nimbus-kyc,LATAM,api,40486.91,INR,pending,2026-07-02T21:02:00Z,corr-1386
F-1387,crm-sync,orbit-pay,AMER,api,3821.94,USD,settled,2026-07-02T21:09:00Z,corr-1387
F-1388,market-data,northstar-bank,EU,sftp,20751.5,EUR,settled,2026-07-02T21:16:00Z,corr-1388
F-1389,market-data,nimbus-kyc,LATAM,file,19726.93,INR,settled,2026-07-02T21:23:00Z,corr-1389
F-1390,regulatory-in,summit-fx,LATAM,wire,62684.58,EUR,settled,2026-07-02T21:30:00Z,corr-1390
F-1391,crm-sync,summit-fx,AMER,sftp,18277.3,GBP,pending,2026-07-02T21:37:00Z,corr-1391
F-1392,payments-core,nimbus-kyc,AMER,webhook,15911.91,GBP,settled,2026-07-02T21:44:00Z,corr-1392
F-1393,payments-core,orbit-pay,LATAM,webhook,82103.75,GBP,settled,2026-07-02T21:51:00Z,corr-1393
F-1394,ledger-erp,summit-fx,AMER,api,29934.92,INR,settled,2026-07-02T21:58:00Z,corr-1394
F-1395,partner-sftp,orbit-pay,AMER,sftp,11407.21,USD,settled,2026-07-02T22:05:00Z,corr-1395
F-1396,payments-core,helix-clearing,APAC,sftp,12036.94,INR,settled,2026-07-02T22:12:00Z,corr-1396
F-1397,regulatory-in,nimbus-kyc,LATAM,file,15809.42,EUR,settled,2026-07-02T22:19:00Z,corr-1397
F-1398,crm-sync,orbit-pay,EU,ach,26756.44,INR,settled,2026-07-02T22:26:00Z,corr-1398
F-1399,market-data,northstar-bank,LATAM,ach,16606.04,INR,retrying,2026-07-02T22:33:00Z,corr-1399
F-1400,ledger-erp,summit-fx,LATAM,sftp,41809.41,INR,settled,2026-07-02T22:40:00Z,corr-1400
F-1401,payments-core,nimbus-kyc,AMER,ach,24845.34,GBP,settled,2026-07-02T22:47:00Z,corr-1401
F-1402,market-data,helix-clearing,LATAM,webhook,63120.49,INR,settled,2026-07-02T22:54:00Z,corr-1402
F-1403,payments-core,nimbus-kyc,AMER,api,65890.23,GBP,settled,2026-07-02T23:01:00Z,corr-1403
F-1404,payments-core,summit-fx,EU,file,8727.84,EUR,settled,2026-07-02T23:08:00Z,corr-1404
F-1405,payments-core,summit-fx,APAC,api,73290.41,USD,settled,2026-07-02T23:15:00Z,corr-1405
F-1406,payments-core,helix-clearing,EU,sftp,49983.83,GBP,failed,2026-07-02T23:22:00Z,corr-1406
F-1407,ledger-erp,summit-fx,EU,webhook,11856.49,EUR,pending,2026-07-02T23:29:00Z,corr-1407
F-1408,payments-core,nimbus-kyc,APAC,webhook,23910.2,EUR,settled,2026-07-02T23:36:00Z,corr-1408
F-1409,partner-sftp,orbit-pay,APAC,webhook,22742.48,USD,settled,2026-07-02T23:43:00Z,corr-1409
F-1410,crm-sync,northstar-bank,APAC,sftp,10807.32,EUR,settled,2026-07-02T23:50:00Z,corr-1410
F-1411,partner-sftp,orbit-pay,EU,sftp,33394.75,EUR,settled,2026-07-02T23:57:00Z,corr-1411
F-1412,market-data,summit-fx,LATAM,file,6442.0,USD,settled,2026-07-03T00:04:00Z,corr-1412
F-1413,partner-sftp,orbit-pay,APAC,file,80772.84,GBP,settled,2026-07-03T00:11:00Z,corr-1413
F-1414,partner-sftp,northstar-bank,LATAM,sftp,56460.62,GBP,failed,2026-07-03T00:18:00Z,corr-1414
F-1415,ledger-erp,summit-fx,EU,file,70116.43,INR,settled,2026-07-03T00:25:00Z,corr-1415
F-1416,market-data,orbit-pay,EU,webhook,72459.61,GBP,failed,2026-07-03T00:32:00Z,corr-1416
F-1417,payments-core,northstar-bank,AMER,sftp,66636.03,INR,settled,2026-07-03T00:39:00Z,corr-1417
F-1418,regulatory-in,summit-fx,LATAM,wire,84306.45,INR,settled,2026-07-03T00:46:00Z,corr-1418
F-1419,partner-sftp,helix-clearing,APAC,ach,74329.13,GBP,settled,2026-07-03T00:53:00Z,corr-1419
F-1420,market-data,orbit-pay,AMER,api,56491.64,EUR,settled,2026-07-03T01:00:00Z,corr-1420
F-1421,partner-sftp,orbit-pay,EU,file,55724.86,USD,settled,2026-07-03T01:07:00Z,corr-1421
F-1422,crm-sync,northstar-bank,EU,webhook,19245.57,INR,settled,2026-07-03T01:14:00Z,corr-1422
F-1423,partner-sftp,orbit-pay,AMER,file,59000.28,INR,settled,2026-07-03T01:21:00Z,corr-1423
F-1424,crm-sync,northstar-bank,AMER,wire,26652.04,GBP,settled,2026-07-03T01:28:00Z,corr-1424
F-1425,regulatory-in,helix-clearing,AMER,webhook,47890.67,EUR,settled,2026-07-03T01:35:00Z,corr-1425
F-1426,partner-sftp,helix-clearing,EU,file,52376.06,INR,failed,2026-07-03T01:42:00Z,corr-1426
F-1427,payments-core,northstar-bank,EU,wire,50124.04,INR,settled,2026-07-03T01:49:00Z,corr-1427
F-1428,crm-sync,orbit-pay,EU,ach,23560.33,USD,settled,2026-07-03T01:56:00Z,corr-1428
F-1429,ledger-erp,nimbus-kyc,APAC,sftp,2304.4,GBP,settled,2026-07-03T02:03:00Z,corr-1429
F-1430,ledger-erp,nimbus-kyc,EU,sftp,33314.04,USD,pending,2026-07-03T02:10:00Z,corr-1430
F-1431,regulatory-in,summit-fx,LATAM,wire,20510.92,USD,settled,2026-07-03T02:17:00Z,corr-1431
F-1432,payments-core,orbit-pay,APAC,ach,32896.58,INR,settled,2026-07-03T02:24:00Z,corr-1432
F-1433,partner-sftp,helix-clearing,LATAM,wire,1443.18,USD,settled,2026-07-03T02:31:00Z,corr-1433
F-1434,regulatory-in,northstar-bank,AMER,file,43074.24,INR,settled,2026-07-03T02:38:00Z,corr-1434
F-1435,crm-sync,northstar-bank,EU,api,7128.66,USD,settled,2026-07-03T02:45:00Z,corr-1435
F-1436,regulatory-in,helix-clearing,APAC,file,49857.5,USD,settled,2026-07-03T02:52:00Z,corr-1436
F-1437,crm-sync,helix-clearing,AMER,ach,7350.93,INR,settled,2026-07-03T02:59:00Z,corr-1437
F-1438,ledger-erp,nimbus-kyc,AMER,api,56625.11,EUR,settled,2026-07-03T03:06:00Z,corr-1438
F-1439,partner-sftp,helix-clearing,AMER,ach,42207.69,GBP,settled,2026-07-03T03:13:00Z,corr-1439
F-1440,partner-sftp,orbit-pay,EU,api,10810.93,GBP,pending,2026-07-03T03:20:00Z,corr-1440
F-1441,payments-core,northstar-bank,APAC,file,23136.55,USD,settled,2026-07-03T03:27:00Z,corr-1441
F-1442,ledger-erp,northstar-bank,LATAM,file,43428.69,USD,settled,2026-07-03T03:34:00Z,corr-1442
F-1443,ledger-erp,helix-clearing,APAC,ach,21703.49,USD,failed,2026-07-03T03:41:00Z,corr-1443
F-1444,partner-sftp,northstar-bank,EU,sftp,43262.39,USD,failed,2026-07-03T03:48:00Z,corr-1444
F-1445,payments-core,helix-clearing,AMER,file,30953.9,EUR,settled,2026-07-03T03:55:00Z,corr-1445
F-1446,payments-core,nimbus-kyc,LATAM,ach,27370.13,INR,failed,2026-07-03T04:02:00Z,corr-1446
F-1447,market-data,orbit-pay,AMER,webhook,31704.37,USD,settled,2026-07-03T04:09:00Z,corr-1447
F-1448,ledger-erp,northstar-bank,LATAM,wire,74547.33,GBP,pending,2026-07-03T04:16:00Z,corr-1448
F-1449,market-data,orbit-pay,AMER,webhook,38837.01,GBP,settled,2026-07-03T04:23:00Z,corr-1449
F-1450,ledger-erp,orbit-pay,EU,file,31319.05,INR,retrying,2026-07-03T04:30:00Z,corr-1450
F-1451,regulatory-in,nimbus-kyc,EU,ach,566.96,INR,settled,2026-07-03T04:37:00Z,corr-1451
F-1452,ledger-erp,orbit-pay,AMER,api,149.24,INR,pending,2026-07-03T04:44:00Z,corr-1452
F-1453,partner-sftp,orbit-pay,AMER,ach,45045.99,EUR,settled,2026-07-03T04:51:00Z,corr-1453
F-1454,payments-core,helix-clearing,APAC,wire,3755.43,EUR,failed,2026-07-03T04:58:00Z,corr-1454
F-1455,ledger-erp,summit-fx,APAC,file,82837.79,USD,settled,2026-07-03T05:05:00Z,corr-1455
F-1456,ledger-erp,helix-clearing,LATAM,wire,50321.34,USD,settled,2026-07-03T05:12:00Z,corr-1456
F-1457,regulatory-in,helix-clearing,APAC,api,72331.39,INR,pending,2026-07-03T05:19:00Z,corr-1457
F-1458,partner-sftp,orbit-pay,APAC,file,23134.45,USD,failed,2026-07-03T05:26:00Z,corr-1458
F-1459,regulatory-in,nimbus-kyc,AMER,ach,9003.27,INR,settled,2026-07-03T05:33:00Z,corr-1459
F-1460,crm-sync,northstar-bank,APAC,ach,38426.65,INR,settled,2026-07-03T05:40:00Z,corr-1460
F-1461,payments-core,northstar-bank,EU,sftp,25875.67,USD,settled,2026-07-03T05:47:00Z,corr-1461
F-1462,market-data,helix-clearing,AMER,sftp,21117.39,GBP,settled,2026-07-03T05:54:00Z,corr-1462
F-1463,payments-core,orbit-pay,APAC,ach,2666.2,INR,failed,2026-07-03T06:01:00Z,corr-1463
F-1464,ledger-erp,nimbus-kyc,EU,wire,39287.13,EUR,settled,2026-07-03T06:08:00Z,corr-1464
F-1465,payments-core,helix-clearing,EU,ach,70016.65,GBP,settled,2026-07-03T06:15:00Z,corr-1465
F-1466,partner-sftp,northstar-bank,APAC,wire,1877.47,USD,settled,2026-07-03T06:22:00Z,corr-1466
F-1467,partner-sftp,summit-fx,EU,wire,76934.0,GBP,settled,2026-07-03T06:29:00Z,corr-1467
F-1468,crm-sync,northstar-bank,EU,webhook,36832.46,INR,settled,2026-07-03T06:36:00Z,corr-1468
F-1469,crm-sync,summit-fx,EU,api,18270.5,EUR,settled,2026-07-03T06:43:00Z,corr-1469
F-1470,crm-sync,helix-clearing,AMER,webhook,52639.53,EUR,settled,2026-07-03T06:50:00Z,corr-1470
F-1471,crm-sync,summit-fx,LATAM,wire,7479.14,INR,settled,2026-07-03T06:57:00Z,corr-1471
F-1472,regulatory-in,nimbus-kyc,EU,sftp,84497.57,USD,retrying,2026-07-03T07:04:00Z,corr-1472
F-1473,partner-sftp,orbit-pay,LATAM,webhook,66427.45,GBP,failed,2026-07-03T07:11:00Z,corr-1473
F-1474,ledger-erp,orbit-pay,LATAM,api,15304.85,GBP,settled,2026-07-03T07:18:00Z,corr-1474
F-1475,payments-core,orbit-pay,AMER,file,45013.51,EUR,retrying,2026-07-03T07:25:00Z,corr-1475
F-1476,payments-core,helix-clearing,EU,api,45375.27,USD,pending,2026-07-03T07:32:00Z,corr-1476
F-1477,regulatory-in,nimbus-kyc,LATAM,api,79494.13,EUR,settled,2026-07-03T07:39:00Z,corr-1477
F-1478,ledger-erp,orbit-pay,APAC,webhook,2421.85,GBP,failed,2026-07-03T07:46:00Z,corr-1478
F-1479,ledger-erp,helix-clearing,EU,file,46092.04,EUR,settled,2026-07-03T07:53:00Z,corr-1479
F-1480,payments-core,northstar-bank,EU,webhook,18618.29,INR,settled,2026-07-03T08:00:00Z,corr-1480
F-1481,ledger-erp,helix-clearing,EU,api,60946.78,GBP,settled,2026-07-03T08:07:00Z,corr-1481
F-1482,regulatory-in,nimbus-kyc,EU,wire,71954.71,GBP,retrying,2026-07-03T08:14:00Z,corr-1482
F-1483,market-data,summit-fx,AMER,api,25667.49,EUR,retrying,2026-07-03T08:21:00Z,corr-1483
F-1484,partner-sftp,summit-fx,LATAM,sftp,26986.16,GBP,settled,2026-07-03T08:28:00Z,corr-1484
F-1485,ledger-erp,helix-clearing,LATAM,api,62396.22,GBP,settled,2026-07-03T08:35:00Z,corr-1485
F-1486,partner-sftp,northstar-bank,LATAM,webhook,2776.72,GBP,failed,2026-07-03T08:42:00Z,corr-1486
F-1487,ledger-erp,helix-clearing,AMER,file,11976.17,USD,settled,2026-07-03T08:49:00Z,corr-1487
F-1488,market-data,helix-clearing,AMER,sftp,56960.34,GBP,settled,2026-07-03T08:56:00Z,corr-1488
F-1489,market-data,helix-clearing,EU,sftp,5785.86,GBP,pending,2026-07-03T09:03:00Z,corr-1489
F-1490,partner-sftp,northstar-bank,AMER,file,37262.76,INR,retrying,2026-07-03T09:10:00Z,corr-1490
F-1491,crm-sync,summit-fx,LATAM,api,46423.39,USD,pending,2026-07-03T09:17:00Z,corr-1491
F-1492,ledger-erp,helix-clearing,EU,file,6288.46,USD,settled,2026-07-03T09:24:00Z,corr-1492
F-1493,market-data,orbit-pay,AMER,wire,29070.15,INR,settled,2026-07-03T09:31:00Z,corr-1493
F-1494,payments-core,nimbus-kyc,AMER,api,50502.75,INR,pending,2026-07-03T09:38:00Z,corr-1494
F-1495,crm-sync,helix-clearing,LATAM,ach,4575.9,GBP,settled,2026-07-03T09:45:00Z,corr-1495
F-1496,regulatory-in,summit-fx,APAC,sftp,23947.42,EUR,settled,2026-07-03T09:52:00Z,corr-1496
F-1497,crm-sync,nimbus-kyc,LATAM,ach,4656.55,USD,settled,2026-07-03T09:59:00Z,corr-1497
F-1498,market-data,nimbus-kyc,LATAM,ach,8266.46,EUR,settled,2026-07-03T10:06:00Z,corr-1498
F-1499,market-data,northstar-bank,LATAM,wire,26227.33,INR,settled,2026-07-03T10:13:00Z,corr-1499
F-1500,partner-sftp,orbit-pay,AMER,sftp,46262.11,EUR,settled,2026-07-03T10:20:00Z,corr-1500
F-1501,crm-sync,orbit-pay,EU,file,3816.32,INR,settled,2026-07-03T10:27:00Z,corr-1501
F-1502,regulatory-in,orbit-pay,AMER,ach,63946.18,USD,settled,2026-07-03T10:34:00Z,corr-1502
F-1503,market-data,nimbus-kyc,LATAM,webhook,19357.9,USD,pending,2026-07-03T10:41:00Z,corr-1503
F-1504,ledger-erp,summit-fx,LATAM,webhook,74943.54,INR,settled,2026-07-03T10:48:00Z,corr-1504
F-1505,crm-sync,northstar-bank,EU,wire,80687.93,INR,settled,2026-07-03T10:55:00Z,corr-1505
F-1506,regulatory-in,helix-clearing,EU,ach,3651.38,USD,retrying,2026-07-03T11:02:00Z,corr-1506
F-1507,crm-sync,helix-clearing,EU,webhook,21938.89,USD,settled,2026-07-03T11:09:00Z,corr-1507
F-1508,ledger-erp,summit-fx,APAC,api,44185.5,USD,pending,2026-07-03T11:16:00Z,corr-1508
F-1509,ledger-erp,nimbus-kyc,LATAM,wire,35242.24,EUR,settled,2026-07-03T11:23:00Z,corr-1509
F-1510,ledger-erp,northstar-bank,AMER,webhook,66266.81,GBP,failed,2026-07-03T11:30:00Z,corr-1510
F-1511,market-data,summit-fx,APAC,file,55665.58,INR,settled,2026-07-03T11:37:00Z,corr-1511
F-1512,market-data,summit-fx,EU,webhook,51745.48,INR,settled,2026-07-03T11:44:00Z,corr-1512
F-1513,market-data,helix-clearing,AMER,sftp,40406.67,GBP,failed,2026-07-03T11:51:00Z,corr-1513
F-1514,payments-core,orbit-pay,APAC,api,23847.46,INR,failed,2026-07-03T11:58:00Z,corr-1514
F-1515,partner-sftp,northstar-bank,EU,ach,25558.33,INR,pending,2026-07-03T12:05:00Z,corr-1515
F-1516,market-data,orbit-pay,LATAM,webhook,54881.02,EUR,settled,2026-07-03T12:12:00Z,corr-1516
F-1517,crm-sync,summit-fx,APAC,wire,43810.04,EUR,settled,2026-07-03T12:19:00Z,corr-1517
F-1518,partner-sftp,nimbus-kyc,LATAM,ach,66349.38,USD,settled,2026-07-03T12:26:00Z,corr-1518
F-1519,regulatory-in,northstar-bank,EU,wire,38811.73,GBP,pending,2026-07-03T12:33:00Z,corr-1519
F-1520,market-data,orbit-pay,LATAM,webhook,33755.17,USD,settled,2026-07-03T12:40:00Z,corr-1520
F-1521,regulatory-in,orbit-pay,LATAM,webhook,37932.64,INR,settled,2026-07-03T12:47:00Z,corr-1521
F-1522,market-data,orbit-pay,EU,api,63667.97,USD,settled,2026-07-03T12:54:00Z,corr-1522
F-1523,crm-sync,northstar-bank,EU,webhook,66291.07,EUR,failed,2026-07-03T13:01:00Z,corr-1523
F-1524,partner-sftp,helix-clearing,EU,api,55393.63,USD,failed,2026-07-03T13:08:00Z,corr-1524
F-1525,partner-sftp,northstar-bank,LATAM,ach,55035.4,USD,settled,2026-07-03T13:15:00Z,corr-1525
F-1526,ledger-erp,orbit-pay,APAC,file,76118.67,GBP,settled,2026-07-03T13:22:00Z,corr-1526
F-1527,regulatory-in,summit-fx,APAC,sftp,44266.21,INR,settled,2026-07-03T13:29:00Z,corr-1527
F-1528,payments-core,nimbus-kyc,APAC,webhook,55032.9,GBP,settled,2026-07-03T13:36:00Z,corr-1528
F-1529,payments-core,summit-fx,AMER,api,84010.97,GBP,failed,2026-07-03T13:43:00Z,corr-1529
F-1530,market-data,orbit-pay,EU,ach,43982.02,EUR,failed,2026-07-03T13:50:00Z,corr-1530
F-1531,ledger-erp,summit-fx,APAC,sftp,11915.51,USD,settled,2026-07-03T13:57:00Z,corr-1531
F-1532,market-data,orbit-pay,LATAM,file,33018.66,USD,settled,2026-07-03T14:04:00Z,corr-1532
F-1533,ledger-erp,helix-clearing,APAC,sftp,60643.56,INR,failed,2026-07-03T14:11:00Z,corr-1533
F-1534,partner-sftp,orbit-pay,APAC,ach,71458.27,EUR,settled,2026-07-03T14:18:00Z,corr-1534
F-1535,crm-sync,helix-clearing,APAC,sftp,68714.02,EUR,failed,2026-07-03T14:25:00Z,corr-1535
F-1536,market-data,northstar-bank,EU,api,19002.29,GBP,settled,2026-07-03T14:32:00Z,corr-1536
F-1537,market-data,orbit-pay,APAC,webhook,25011.99,USD,settled,2026-07-03T14:39:00Z,corr-1537
F-1538,partner-sftp,nimbus-kyc,AMER,file,75603.98,USD,failed,2026-07-03T14:46:00Z,corr-1538
F-1539,crm-sync,nimbus-kyc,APAC,file,4618.92,EUR,settled,2026-07-03T14:53:00Z,corr-1539
F-1540,regulatory-in,orbit-pay,LATAM,webhook,75894.51,INR,settled,2026-07-03T15:00:00Z,corr-1540
F-1541,partner-sftp,helix-clearing,AMER,file,28290.19,EUR,settled,2026-07-03T15:07:00Z,corr-1541
F-1542,payments-core,northstar-bank,LATAM,api,17817.27,EUR,settled,2026-07-03T15:14:00Z,corr-1542
F-1543,regulatory-in,summit-fx,AMER,ach,52240.42,INR,settled,2026-07-03T15:21:00Z,corr-1543
F-1544,crm-sync,summit-fx,AMER,wire,45383.18,GBP,retrying,2026-07-03T15:28:00Z,corr-1544
F-1545,market-data,nimbus-kyc,EU,wire,57531.67,EUR,settled,2026-07-03T15:35:00Z,corr-1545
F-1546,market-data,orbit-pay,EU,wire,32617.2,GBP,settled,2026-07-03T15:42:00Z,corr-1546
F-1547,payments-core,orbit-pay,APAC,file,61872.52,GBP,settled,2026-07-03T15:49:00Z,corr-1547
F-1548,partner-sftp,helix-clearing,APAC,file,30552.34,EUR,settled,2026-07-03T15:56:00Z,corr-1548
F-1549,crm-sync,northstar-bank,EU,ach,61816.17,EUR,settled,2026-07-03T16:03:00Z,corr-1549
F-1550,payments-core,nimbus-kyc,EU,wire,31176.11,USD,settled,2026-07-03T16:10:00Z,corr-1550
F-1551,partner-sftp,orbit-pay,AMER,webhook,84547.95,USD,settled,2026-07-03T16:17:00Z,corr-1551
F-1552,payments-core,northstar-bank,AMER,file,37780.61,USD,settled,2026-07-03T16:24:00Z,corr-1552
F-1553,crm-sync,helix-clearing,EU,sftp,58295.76,USD,settled,2026-07-03T16:31:00Z,corr-1553
F-1554,partner-sftp,northstar-bank,APAC,webhook,51488.78,EUR,settled,2026-07-03T16:38:00Z,corr-1554
F-1555,payments-core,nimbus-kyc,AMER,api,9713.22,USD,settled,2026-07-03T16:45:00Z,corr-1555
F-1556,ledger-erp,helix-clearing,APAC,webhook,82715.85,GBP,pending,2026-07-03T16:52:00Z,corr-1556
F-1557,market-data,helix-clearing,AMER,webhook,42202.74,EUR,settled,2026-07-03T16:59:00Z,corr-1557
F-1558,crm-sync,orbit-pay,EU,wire,1108.38,USD,failed,2026-07-03T17:06:00Z,corr-1558
F-1559,ledger-erp,summit-fx,EU,wire,66265.24,USD,pending,2026-07-03T17:13:00Z,corr-1559
F-1560,payments-core,orbit-pay,EU,file,84036.89,GBP,settled,2026-07-03T17:20:00Z,corr-1560
F-1561,payments-core,northstar-bank,EU,wire,72444.83,GBP,pending,2026-07-03T17:27:00Z,corr-1561
F-1562,market-data,summit-fx,AMER,wire,72359.62,USD,settled,2026-07-03T17:34:00Z,corr-1562
F-1563,regulatory-in,helix-clearing,APAC,api,76037.48,GBP,failed,2026-07-03T17:41:00Z,corr-1563
F-1564,payments-core,orbit-pay,APAC,ach,9697.87,INR,retrying,2026-07-03T17:48:00Z,corr-1564
F-1565,market-data,summit-fx,LATAM,file,55160.73,EUR,settled,2026-07-03T17:55:00Z,corr-1565
F-1566,partner-sftp,northstar-bank,EU,wire,35376.96,INR,pending,2026-07-03T18:02:00Z,corr-1566
F-1567,partner-sftp,summit-fx,EU,webhook,32294.32,GBP,settled,2026-07-03T18:09:00Z,corr-1567
F-1568,partner-sftp,helix-clearing,LATAM,file,9621.86,INR,settled,2026-07-03T18:16:00Z,corr-1568
F-1569,payments-core,orbit-pay,APAC,wire,59895.68,EUR,retrying,2026-07-03T18:23:00Z,corr-1569
F-1570,partner-sftp,orbit-pay,AMER,file,56254.08,EUR,settled,2026-07-03T18:30:00Z,corr-1570
F-1571,partner-sftp,summit-fx,EU,webhook,75827.96,USD,settled,2026-07-03T18:37:00Z,corr-1571
F-1572,regulatory-in,nimbus-kyc,LATAM,file,73903.59,USD,pending,2026-07-03T18:44:00Z,corr-1572
F-1573,market-data,helix-clearing,APAC,api,4303.55,EUR,settled,2026-07-03T18:51:00Z,corr-1573
F-1574,crm-sync,summit-fx,EU,wire,39036.56,INR,settled,2026-07-03T18:58:00Z,corr-1574
F-1575,crm-sync,summit-fx,APAC,wire,83357.5,USD,settled,2026-07-03T19:05:00Z,corr-1575
F-1576,crm-sync,northstar-bank,AMER,wire,67306.78,GBP,failed,2026-07-03T19:12:00Z,corr-1576
F-1577,ledger-erp,helix-clearing,LATAM,api,30900.03,USD,pending,2026-07-03T19:19:00Z,corr-1577
F-1578,crm-sync,orbit-pay,LATAM,sftp,55867.78,INR,settled,2026-07-03T19:26:00Z,corr-1578
F-1579,partner-sftp,helix-clearing,AMER,api,30202.93,GBP,settled,2026-07-03T19:33:00Z,corr-1579
F-1580,market-data,northstar-bank,AMER,ach,41868.57,INR,settled,2026-07-03T19:40:00Z,corr-1580
F-1581,ledger-erp,helix-clearing,EU,wire,79070.13,INR,settled,2026-07-03T19:47:00Z,corr-1581
F-1582,regulatory-in,orbit-pay,AMER,file,3976.37,USD,pending,2026-07-03T19:54:00Z,corr-1582
F-1583,crm-sync,summit-fx,EU,file,393.59,USD,settled,2026-07-03T20:01:00Z,corr-1583
F-1584,crm-sync,nimbus-kyc,LATAM,webhook,66397.4,EUR,settled,2026-07-03T20:08:00Z,corr-1584
F-1585,regulatory-in,helix-clearing,AMER,file,55897.92,GBP,settled,2026-07-03T20:15:00Z,corr-1585
F-1586,crm-sync,summit-fx,EU,api,33834.0,GBP,retrying,2026-07-03T20:22:00Z,corr-1586
F-1587,crm-sync,helix-clearing,EU,file,51224.52,GBP,pending,2026-07-03T20:29:00Z,corr-1587
F-1588,ledger-erp,orbit-pay,EU,ach,17845.34,GBP,settled,2026-07-03T20:36:00Z,corr-1588
F-1589,partner-sftp,helix-clearing,EU,webhook,46123.21,GBP,pending,2026-07-03T20:43:00Z,corr-1589
F-1590,market-data,nimbus-kyc,LATAM,webhook,48514.98,INR,settled,2026-07-03T20:50:00Z,corr-1590
F-1591,ledger-erp,orbit-pay,LATAM,wire,44443.98,USD,settled,2026-07-03T20:57:00Z,corr-1591
F-1592,payments-core,northstar-bank,EU,api,63771.97,EUR,retrying,2026-07-03T21:04:00Z,corr-1592
F-1593,partner-sftp,orbit-pay,EU,wire,58708.3,GBP,settled,2026-07-03T21:11:00Z,corr-1593
F-1594,ledger-erp,northstar-bank,APAC,file,8733.24,EUR,pending,2026-07-03T21:18:00Z,corr-1594
F-1595,ledger-erp,summit-fx,EU,webhook,66671.5,GBP,settled,2026-07-03T21:25:00Z,corr-1595
F-1596,payments-core,summit-fx,LATAM,file,81320.75,GBP,retrying,2026-07-03T21:32:00Z,corr-1596
F-1597,payments-core,northstar-bank,APAC,ach,52757.23,INR,pending,2026-07-03T21:39:00Z,corr-1597
F-1598,partner-sftp,orbit-pay,EU,sftp,81965.53,GBP,settled,2026-07-03T21:46:00Z,corr-1598
F-1599,partner-sftp,northstar-bank,EU,ach,62488.38,USD,settled,2026-07-03T21:53:00Z,corr-1599
F-1600,crm-sync,orbit-pay,APAC,ach,13699.93,GBP,settled,2026-07-03T22:00:00Z,corr-1600
F-1601,crm-sync,helix-clearing,AMER,ach,78935.18,USD,pending,2026-07-03T22:07:00Z,corr-1601
F-1602,partner-sftp,nimbus-kyc,APAC,file,67147.45,GBP,settled,2026-07-03T22:14:00Z,corr-1602
F-1603,partner-sftp,orbit-pay,EU,ach,44263.52,EUR,settled,2026-07-03T22:21:00Z,corr-1603
F-1604,ledger-erp,summit-fx,AMER,api,18821.31,EUR,settled,2026-07-03T22:28:00Z,corr-1604
F-1605,market-data,orbit-pay,APAC,ach,80777.45,INR,retrying,2026-07-03T22:35:00Z,corr-1605
F-1606,partner-sftp,northstar-bank,AMER,sftp,29426.97,EUR,failed,2026-07-03T22:42:00Z,corr-1606
F-1607,ledger-erp,nimbus-kyc,EU,wire,58024.8,GBP,settled,2026-07-03T22:49:00Z,corr-1607
F-1608,payments-core,summit-fx,APAC,webhook,61544.83,USD,failed,2026-07-03T22:56:00Z,corr-1608
F-1609,market-data,nimbus-kyc,LATAM,file,3751.29,EUR,settled,2026-07-03T23:03:00Z,corr-1609
F-1610,payments-core,northstar-bank,EU,webhook,45334.16,USD,settled,2026-07-03T23:10:00Z,corr-1610
F-1611,partner-sftp,helix-clearing,LATAM,wire,17494.12,INR,settled,2026-07-03T23:17:00Z,corr-1611
F-1612,payments-core,helix-clearing,AMER,file,60940.88,USD,settled,2026-07-03T23:24:00Z,corr-1612
F-1613,payments-core,helix-clearing,APAC,webhook,6010.82,EUR,failed,2026-07-03T23:31:00Z,corr-1613
F-1614,crm-sync,summit-fx,LATAM,sftp,34392.97,GBP,settled,2026-07-03T23:38:00Z,corr-1614
F-1615,partner-sftp,northstar-bank,AMER,sftp,61231.28,USD,pending,2026-07-03T23:45:00Z,corr-1615
F-1616,ledger-erp,northstar-bank,AMER,api,78885.86,USD,settled,2026-07-03T23:52:00Z,corr-1616
F-1617,partner-sftp,orbit-pay,AMER,api,65054.18,INR,settled,2026-07-03T23:59:00Z,corr-1617
F-1618,partner-sftp,northstar-bank,LATAM,ach,45356.42,EUR,pending,2026-07-04T00:06:00Z,corr-1618
F-1619,ledger-erp,orbit-pay,EU,api,57577.64,GBP,retrying,2026-07-04T00:13:00Z,corr-1619
F-1620,payments-core,nimbus-kyc,EU,wire,3574.67,INR,settled,2026-07-04T00:20:00Z,corr-1620
F-1621,payments-core,orbit-pay,EU,sftp,63028.06,GBP,settled,2026-07-04T00:27:00Z,corr-1621
F-1622,partner-sftp,nimbus-kyc,EU,ach,15659.78,GBP,settled,2026-07-04T00:34:00Z,corr-1622
F-1623,regulatory-in,nimbus-kyc,AMER,webhook,39221.01,USD,settled,2026-07-04T00:41:00Z,corr-1623
F-1624,payments-core,orbit-pay,AMER,ach,61681.95,INR,retrying,2026-07-04T00:48:00Z,corr-1624
F-1625,market-data,helix-clearing,EU,wire,24254.53,USD,failed,2026-07-04T00:55:00Z,corr-1625
F-1626,market-data,summit-fx,LATAM,api,52398.7,GBP,settled,2026-07-04T01:02:00Z,corr-1626
F-1627,regulatory-in,nimbus-kyc,APAC,api,81487.04,EUR,settled,2026-07-04T01:09:00Z,corr-1627
F-1628,regulatory-in,helix-clearing,LATAM,api,71413.35,EUR,settled,2026-07-04T01:16:00Z,corr-1628
F-1629,market-data,summit-fx,LATAM,file,30509.07,GBP,settled,2026-07-04T01:23:00Z,corr-1629
F-1630,payments-core,helix-clearing,AMER,api,72994.19,EUR,failed,2026-07-04T01:30:00Z,corr-1630
F-1631,regulatory-in,orbit-pay,AMER,sftp,6432.11,USD,pending,2026-07-04T01:37:00Z,corr-1631
F-1632,partner-sftp,northstar-bank,LATAM,webhook,18104.34,USD,settled,2026-07-04T01:44:00Z,corr-1632
F-1633,ledger-erp,nimbus-kyc,LATAM,sftp,65897.39,GBP,settled,2026-07-04T01:51:00Z,corr-1633
F-1634,ledger-erp,orbit-pay,EU,file,42607.94,USD,settled,2026-07-04T01:58:00Z,corr-1634
F-1635,ledger-erp,northstar-bank,EU,webhook,58161.64,EUR,settled,2026-07-04T02:05:00Z,corr-1635
F-1636,regulatory-in,nimbus-kyc,EU,sftp,62227.08,GBP,settled,2026-07-04T02:12:00Z,corr-1636
F-1637,crm-sync,helix-clearing,AMER,api,31417.75,USD,settled,2026-07-04T02:19:00Z,corr-1637
F-1638,ledger-erp,orbit-pay,LATAM,file,78023.72,USD,settled,2026-07-04T02:26:00Z,corr-1638
F-1639,partner-sftp,orbit-pay,AMER,sftp,82318.31,GBP,pending,2026-07-04T02:33:00Z,corr-1639
F-1640,market-data,nimbus-kyc,EU,file,55571.06,GBP,settled,2026-07-04T02:40:00Z,corr-1640
F-1641,payments-core,nimbus-kyc,APAC,file,82677.98,EUR,settled,2026-07-04T02:47:00Z,corr-1641
F-1642,market-data,orbit-pay,LATAM,file,75412.44,USD,settled,2026-07-04T02:54:00Z,corr-1642
F-1643,regulatory-in,summit-fx,EU,ach,6575.57,GBP,settled,2026-07-04T03:01:00Z,corr-1643
F-1644,regulatory-in,helix-clearing,APAC,webhook,60977.8,USD,settled,2026-07-04T03:08:00Z,corr-1644
F-1645,crm-sync,orbit-pay,AMER,file,57402.62,INR,settled,2026-07-04T03:15:00Z,corr-1645
F-1646,regulatory-in,summit-fx,AMER,ach,3691.19,EUR,settled,2026-07-04T03:22:00Z,corr-1646
F-1647,ledger-erp,northstar-bank,EU,wire,14159.86,EUR,settled,2026-07-04T03:29:00Z,corr-1647
F-1648,crm-sync,nimbus-kyc,AMER,sftp,61884.62,GBP,failed,2026-07-04T03:36:00Z,corr-1648
F-1649,regulatory-in,summit-fx,LATAM,file,14518.91,INR,settled,2026-07-04T03:43:00Z,corr-1649
F-1650,ledger-erp,helix-clearing,APAC,ach,61562.77,GBP,failed,2026-07-04T03:50:00Z,corr-1650
F-1651,ledger-erp,nimbus-kyc,AMER,ach,32163.51,EUR,settled,2026-07-04T03:57:00Z,corr-1651
F-1652,regulatory-in,nimbus-kyc,LATAM,ach,51478.3,EUR,settled,2026-07-04T04:04:00Z,corr-1652
F-1653,ledger-erp,nimbus-kyc,AMER,webhook,42795.4,USD,settled,2026-07-04T04:11:00Z,corr-1653
F-1654,partner-sftp,helix-clearing,AMER,sftp,55193.47,INR,settled,2026-07-04T04:18:00Z,corr-1654
F-1655,payments-core,nimbus-kyc,LATAM,ach,79767.38,INR,pending,2026-07-04T04:25:00Z,corr-1655
F-1656,crm-sync,orbit-pay,AMER,file,11401.72,INR,pending,2026-07-04T04:32:00Z,corr-1656
F-1657,payments-core,orbit-pay,LATAM,api,16087.06,USD,settled,2026-07-04T04:39:00Z,corr-1657
F-1658,payments-core,nimbus-kyc,AMER,file,55645.06,GBP,settled,2026-07-04T04:46:00Z,corr-1658
F-1659,payments-core,helix-clearing,LATAM,sftp,49766.83,GBP,failed,2026-07-04T04:53:00Z,corr-1659
F-1660,crm-sync,nimbus-kyc,APAC,webhook,23440.76,INR,pending,2026-07-04T05:00:00Z,corr-1660
F-1661,crm-sync,nimbus-kyc,LATAM,ach,31483.85,INR,settled,2026-07-04T05:07:00Z,corr-1661
F-1662,market-data,nimbus-kyc,APAC,sftp,33856.08,EUR,failed,2026-07-04T05:14:00Z,corr-1662
F-1663,partner-sftp,northstar-bank,EU,file,66569.71,EUR,settled,2026-07-04T05:21:00Z,corr-1663
F-1664,ledger-erp,summit-fx,APAC,webhook,52201.81,USD,settled,2026-07-04T05:28:00Z,corr-1664
F-1665,partner-sftp,northstar-bank,AMER,ach,40105.04,INR,settled,2026-07-04T05:35:00Z,corr-1665
F-1666,market-data,helix-clearing,APAC,wire,51777.23,INR,failed,2026-07-04T05:42:00Z,corr-1666
F-1667,crm-sync,nimbus-kyc,APAC,sftp,81900.95,USD,failed,2026-07-04T05:49:00Z,corr-1667
F-1668,regulatory-in,summit-fx,LATAM,wire,17165.07,GBP,settled,2026-07-04T05:56:00Z,corr-1668
F-1669,ledger-erp,nimbus-kyc,EU,webhook,14426.81,USD,settled,2026-07-04T06:03:00Z,corr-1669
F-1670,partner-sftp,northstar-bank,EU,wire,84729.54,INR,settled,2026-07-04T06:10:00Z,corr-1670
F-1671,crm-sync,summit-fx,EU,webhook,1330.77,USD,failed,2026-07-04T06:17:00Z,corr-1671
F-1672,ledger-erp,orbit-pay,APAC,api,81880.37,GBP,settled,2026-07-04T06:24:00Z,corr-1672
F-1673,regulatory-in,summit-fx,LATAM,webhook,420.26,EUR,settled,2026-07-04T06:31:00Z,corr-1673
F-1674,payments-core,nimbus-kyc,AMER,webhook,25029.05,USD,pending,2026-07-04T06:38:00Z,corr-1674
F-1675,market-data,nimbus-kyc,APAC,sftp,37649.27,INR,settled,2026-07-04T06:45:00Z,corr-1675
F-1676,regulatory-in,orbit-pay,LATAM,sftp,39174.72,USD,settled,2026-07-04T06:52:00Z,corr-1676
F-1677,market-data,northstar-bank,LATAM,sftp,67041.05,EUR,settled,2026-07-04T06:59:00Z,corr-1677
F-1678,regulatory-in,orbit-pay,LATAM,api,43914.95,USD,pending,2026-07-04T07:06:00Z,corr-1678
F-1679,market-data,helix-clearing,APAC,wire,33924.13,GBP,settled,2026-07-04T07:13:00Z,corr-1679
F-1680,regulatory-in,summit-fx,APAC,api,18597.66,GBP,settled,2026-07-04T07:20:00Z,corr-1680
F-1681,partner-sftp,helix-clearing,LATAM,sftp,16991.66,EUR,failed,2026-07-04T07:27:00Z,corr-1681
F-1682,regulatory-in,helix-clearing,EU,ach,71092.54,GBP,settled,2026-07-04T07:34:00Z,corr-1682
F-1683,payments-core,northstar-bank,AMER,sftp,81242.38,INR,settled,2026-07-04T07:41:00Z,corr-1683
F-1684,ledger-erp,northstar-bank,LATAM,api,52766.22,INR,failed,2026-07-04T07:48:00Z,corr-1684
F-1685,ledger-erp,orbit-pay,LATAM,ach,83673.94,GBP,settled,2026-07-04T07:55:00Z,corr-1685
F-1686,ledger-erp,helix-clearing,AMER,webhook,67942.96,INR,failed,2026-07-04T08:02:00Z,corr-1686
F-1687,payments-core,nimbus-kyc,APAC,file,73137.5,EUR,settled,2026-07-04T08:09:00Z,corr-1687
F-1688,payments-core,nimbus-kyc,LATAM,api,58590.67,USD,settled,2026-07-04T08:16:00Z,corr-1688
F-1689,crm-sync,nimbus-kyc,AMER,api,30752.16,GBP,settled,2026-07-04T08:23:00Z,corr-1689
F-1690,market-data,helix-clearing,APAC,file,81475.82,GBP,settled,2026-07-04T08:30:00Z,corr-1690
F-1691,crm-sync,summit-fx,EU,file,59568.06,GBP,settled,2026-07-04T08:37:00Z,corr-1691
F-1692,crm-sync,orbit-pay,LATAM,ach,48580.54,EUR,pending,2026-07-04T08:44:00Z,corr-1692
F-1693,partner-sftp,orbit-pay,EU,webhook,36752.79,INR,settled,2026-07-04T08:51:00Z,corr-1693
F-1694,partner-sftp,helix-clearing,LATAM,wire,15032.2,INR,settled,2026-07-04T08:58:00Z,corr-1694
F-1695,partner-sftp,nimbus-kyc,APAC,file,25520.4,USD,settled,2026-07-04T09:05:00Z,corr-1695
F-1696,partner-sftp,helix-clearing,AMER,ach,69179.19,INR,pending,2026-07-04T09:12:00Z,corr-1696
F-1697,payments-core,summit-fx,APAC,api,30697.75,GBP,settled,2026-07-04T09:19:00Z,corr-1697
F-1698,crm-sync,northstar-bank,APAC,sftp,81865.83,EUR,settled,2026-07-04T09:26:00Z,corr-1698
F-1699,partner-sftp,nimbus-kyc,EU,api,30200.39,INR,pending,2026-07-04T09:33:00Z,corr-1699
F-1700,crm-sync,northstar-bank,LATAM,webhook,24372.34,EUR,failed,2026-07-04T09:40:00Z,corr-1700
F-1701,partner-sftp,orbit-pay,LATAM,sftp,52056.05,INR,pending,2026-07-04T09:47:00Z,corr-1701
F-1702,payments-core,northstar-bank,EU,api,19417.82,GBP,settled,2026-07-04T09:54:00Z,corr-1702
F-1703,partner-sftp,orbit-pay,LATAM,api,75456.61,GBP,pending,2026-07-04T10:01:00Z,corr-1703
F-1704,ledger-erp,summit-fx,LATAM,ach,15650.73,USD,settled,2026-07-04T10:08:00Z,corr-1704
F-1705,regulatory-in,orbit-pay,AMER,ach,14208.22,USD,settled,2026-07-04T10:15:00Z,corr-1705
F-1706,crm-sync,nimbus-kyc,AMER,wire,65535.09,USD,settled,2026-07-04T10:22:00Z,corr-1706
F-1707,ledger-erp,helix-clearing,AMER,sftp,79186.82,INR,settled,2026-07-04T10:29:00Z,corr-1707
F-1708,regulatory-in,orbit-pay,LATAM,sftp,10766.83,EUR,settled,2026-07-04T10:36:00Z,corr-1708
F-1709,partner-sftp,orbit-pay,APAC,file,39724.77,GBP,settled,2026-07-04T10:43:00Z,corr-1709
F-1710,regulatory-in,nimbus-kyc,EU,webhook,50804.72,INR,settled,2026-07-04T10:50:00Z,corr-1710
F-1711,partner-sftp,nimbus-kyc,APAC,api,40953.35,EUR,pending,2026-07-04T10:57:00Z,corr-1711
F-1712,crm-sync,orbit-pay,APAC,file,22102.1,GBP,settled,2026-07-04T11:04:00Z,corr-1712
F-1713,ledger-erp,helix-clearing,APAC,api,39895.1,USD,settled,2026-07-04T11:11:00Z,corr-1713
F-1714,crm-sync,summit-fx,APAC,wire,65104.74,GBP,settled,2026-07-04T11:18:00Z,corr-1714
F-1715,payments-core,nimbus-kyc,APAC,ach,35012.26,INR,settled,2026-07-04T11:25:00Z,corr-1715
F-1716,regulatory-in,summit-fx,LATAM,ach,22371.75,INR,settled,2026-07-04T11:32:00Z,corr-1716
F-1717,ledger-erp,nimbus-kyc,APAC,api,55127.64,GBP,settled,2026-07-04T11:39:00Z,corr-1717
F-1718,payments-core,helix-clearing,EU,api,9402.53,INR,settled,2026-07-04T11:46:00Z,corr-1718
F-1719,market-data,nimbus-kyc,LATAM,ach,27271.7,EUR,settled,2026-07-04T11:53:00Z,corr-1719
F-1720,ledger-erp,northstar-bank,EU,wire,23997.68,EUR,pending,2026-07-04T12:00:00Z,corr-1720
F-1721,partner-sftp,northstar-bank,EU,wire,12829.35,INR,settled,2026-07-04T12:07:00Z,corr-1721
F-1722,crm-sync,orbit-pay,LATAM,api,39426.59,USD,settled,2026-07-04T12:14:00Z,corr-1722
F-1723,regulatory-in,northstar-bank,APAC,file,6090.91,INR,settled,2026-07-04T12:21:00Z,corr-1723
F-1724,market-data,summit-fx,AMER,wire,82841.51,EUR,settled,2026-07-04T12:28:00Z,corr-1724
F-1725,crm-sync,helix-clearing,AMER,ach,39184.42,USD,settled,2026-07-04T12:35:00Z,corr-1725
F-1726,regulatory-in,summit-fx,LATAM,sftp,81704.15,GBP,settled,2026-07-04T12:42:00Z,corr-1726
F-1727,partner-sftp,northstar-bank,AMER,api,40917.48,GBP,settled,2026-07-04T12:49:00Z,corr-1727
F-1728,payments-core,helix-clearing,AMER,ach,53806.44,GBP,settled,2026-07-04T12:56:00Z,corr-1728
F-1729,market-data,nimbus-kyc,AMER,file,67082.49,USD,retrying,2026-07-04T13:03:00Z,corr-1729
F-1730,ledger-erp,summit-fx,EU,api,65523.48,EUR,settled,2026-07-04T13:10:00Z,corr-1730
F-1731,payments-core,nimbus-kyc,APAC,sftp,5127.95,GBP,settled,2026-07-04T13:17:00Z,corr-1731
F-1732,partner-sftp,nimbus-kyc,AMER,ach,41479.45,GBP,retrying,2026-07-04T13:24:00Z,corr-1732
F-1733,partner-sftp,orbit-pay,LATAM,sftp,16422.23,INR,settled,2026-07-04T13:31:00Z,corr-1733
F-1734,regulatory-in,orbit-pay,AMER,file,60070.54,GBP,settled,2026-07-04T13:38:00Z,corr-1734
F-1735,crm-sync,helix-clearing,EU,webhook,29567.81,INR,settled,2026-07-04T13:45:00Z,corr-1735
F-1736,ledger-erp,nimbus-kyc,EU,wire,45158.4,INR,settled,2026-07-04T13:52:00Z,corr-1736
F-1737,market-data,nimbus-kyc,APAC,file,86.17,INR,pending,2026-07-04T13:59:00Z,corr-1737
F-1738,payments-core,nimbus-kyc,APAC,webhook,20315.89,USD,settled,2026-07-04T14:06:00Z,corr-1738
F-1739,ledger-erp,summit-fx,EU,webhook,58081.97,EUR,settled,2026-07-04T14:13:00Z,corr-1739
F-1740,market-data,summit-fx,APAC,wire,8204.38,USD,settled,2026-07-04T14:20:00Z,corr-1740
F-1741,regulatory-in,helix-clearing,AMER,ach,9122.01,EUR,settled,2026-07-04T14:27:00Z,corr-1741
F-1742,ledger-erp,summit-fx,LATAM,webhook,53046.89,GBP,settled,2026-07-04T14:34:00Z,corr-1742
F-1743,regulatory-in,nimbus-kyc,AMER,wire,79069.68,EUR,settled,2026-07-04T14:41:00Z,corr-1743
F-1744,payments-core,summit-fx,AMER,api,47442.74,INR,pending,2026-07-04T14:48:00Z,corr-1744
F-1745,partner-sftp,northstar-bank,APAC,webhook,3479.5,USD,pending,2026-07-04T14:55:00Z,corr-1745
F-1746,payments-core,helix-clearing,AMER,wire,61646.48,INR,settled,2026-07-04T15:02:00Z,corr-1746
F-1747,ledger-erp,helix-clearing,EU,webhook,63687.79,INR,pending,2026-07-04T15:09:00Z,corr-1747
F-1748,partner-sftp,nimbus-kyc,APAC,sftp,39004.78,INR,failed,2026-07-04T15:16:00Z,corr-1748
F-1749,regulatory-in,helix-clearing,LATAM,webhook,28705.16,EUR,settled,2026-07-04T15:23:00Z,corr-1749
F-1750,ledger-erp,summit-fx,APAC,api,46768.16,GBP,pending,2026-07-04T15:30:00Z,corr-1750
F-1751,crm-sync,summit-fx,APAC,webhook,20480.4,EUR,settled,2026-07-04T15:37:00Z,corr-1751
F-1752,ledger-erp,orbit-pay,APAC,file,38051.29,INR,settled,2026-07-04T15:44:00Z,corr-1752
F-1753,payments-core,orbit-pay,AMER,webhook,11503.91,GBP,settled,2026-07-04T15:51:00Z,corr-1753
F-1754,regulatory-in,helix-clearing,APAC,wire,65585.17,GBP,failed,2026-07-04T15:58:00Z,corr-1754
F-1755,ledger-erp,nimbus-kyc,EU,wire,3231.64,GBP,settled,2026-07-04T16:05:00Z,corr-1755
F-1756,market-data,orbit-pay,EU,ach,21799.32,GBP,settled,2026-07-04T16:12:00Z,corr-1756
F-1757,crm-sync,nimbus-kyc,EU,sftp,6585.2,GBP,pending,2026-07-04T16:19:00Z,corr-1757
F-1758,regulatory-in,summit-fx,AMER,webhook,54600.59,USD,pending,2026-07-04T16:26:00Z,corr-1758
F-1759,ledger-erp,summit-fx,AMER,wire,78361.03,GBP,settled,2026-07-04T16:33:00Z,corr-1759
F-1760,crm-sync,summit-fx,AMER,ach,63558.99,USD,settled,2026-07-04T16:40:00Z,corr-1760
F-1761,partner-sftp,summit-fx,AMER,api,44584.48,GBP,settled,2026-07-04T16:47:00Z,corr-1761
F-1762,regulatory-in,orbit-pay,EU,ach,4317.92,INR,retrying,2026-07-04T16:54:00Z,corr-1762
F-1763,ledger-erp,nimbus-kyc,AMER,ach,36728.73,INR,settled,2026-07-04T17:01:00Z,corr-1763
F-1764,market-data,northstar-bank,LATAM,webhook,63358.15,INR,settled,2026-07-04T17:08:00Z,corr-1764
F-1765,crm-sync,nimbus-kyc,LATAM,sftp,11103.63,EUR,settled,2026-07-04T17:15:00Z,corr-1765
F-1766,regulatory-in,summit-fx,LATAM,sftp,48573.82,EUR,settled,2026-07-04T17:22:00Z,corr-1766
F-1767,market-data,summit-fx,APAC,sftp,78553.63,USD,settled,2026-07-04T17:29:00Z,corr-1767
F-1768,crm-sync,summit-fx,APAC,api,16211.87,GBP,settled,2026-07-04T17:36:00Z,corr-1768
F-1769,payments-core,orbit-pay,EU,api,52388.38,INR,settled,2026-07-04T17:43:00Z,corr-1769
F-1770,crm-sync,northstar-bank,EU,ach,58263.4,EUR,pending,2026-07-04T17:50:00Z,corr-1770
F-1771,payments-core,northstar-bank,AMER,ach,80661.25,EUR,failed,2026-07-04T17:57:00Z,corr-1771
F-1772,market-data,northstar-bank,APAC,sftp,68368.76,GBP,settled,2026-07-04T18:04:00Z,corr-1772
F-1773,payments-core,orbit-pay,EU,sftp,45742.01,EUR,settled,2026-07-04T18:11:00Z,corr-1773
F-1774,market-data,nimbus-kyc,LATAM,webhook,62050.26,EUR,settled,2026-07-04T18:18:00Z,corr-1774
F-1775,partner-sftp,northstar-bank,LATAM,webhook,77015.77,USD,settled,2026-07-04T18:25:00Z,corr-1775
F-1776,payments-core,orbit-pay,EU,sftp,52536.56,USD,settled,2026-07-04T18:32:00Z,corr-1776
F-1777,payments-core,northstar-bank,LATAM,sftp,23079.6,GBP,failed,2026-07-04T18:39:00Z,corr-1777
F-1778,payments-core,orbit-pay,LATAM,ach,83282.9,USD,failed,2026-07-04T18:46:00Z,corr-1778
F-1779,crm-sync,nimbus-kyc,AMER,ach,16924.42,INR,settled,2026-07-04T18:53:00Z,corr-1779
F-1780,partner-sftp,northstar-bank,AMER,ach,78394.9,GBP,settled,2026-07-04T19:00:00Z,corr-1780
F-1781,crm-sync,helix-clearing,AMER,api,58174.36,GBP,settled,2026-07-04T19:07:00Z,corr-1781
F-1782,regulatory-in,nimbus-kyc,APAC,wire,53201.71,INR,failed,2026-07-04T19:14:00Z,corr-1782
F-1783,payments-core,nimbus-kyc,APAC,ach,12916.4,INR,settled,2026-07-04T19:21:00Z,corr-1783
F-1784,payments-core,summit-fx,EU,file,20449.66,EUR,settled,2026-07-04T19:28:00Z,corr-1784
F-1785,market-data,nimbus-kyc,APAC,file,46101.31,EUR,settled,2026-07-04T19:35:00Z,corr-1785
F-1786,ledger-erp,nimbus-kyc,EU,ach,26282.14,EUR,settled,2026-07-04T19:42:00Z,corr-1786
F-1787,regulatory-in,nimbus-kyc,EU,api,5787.5,USD,settled,2026-07-04T19:49:00Z,corr-1787
F-1788,regulatory-in,northstar-bank,APAC,file,81702.65,GBP,settled,2026-07-04T19:56:00Z,corr-1788
F-1789,partner-sftp,orbit-pay,EU,ach,9097.9,EUR,settled,2026-07-04T20:03:00Z,corr-1789
F-1790,ledger-erp,nimbus-kyc,APAC,webhook,48209.49,EUR,settled,2026-07-04T20:10:00Z,corr-1790
F-1791,regulatory-in,northstar-bank,APAC,wire,58499.81,INR,settled,2026-07-04T20:17:00Z,corr-1791
F-1792,ledger-erp,summit-fx,APAC,ach,72434.7,INR,settled,2026-07-04T20:24:00Z,corr-1792
F-1793,regulatory-in,helix-clearing,EU,wire,34744.86,USD,failed,2026-07-04T20:31:00Z,corr-1793
F-1794,crm-sync,helix-clearing,EU,ach,5644.93,INR,failed,2026-07-04T20:38:00Z,corr-1794
F-1795,crm-sync,orbit-pay,LATAM,ach,36356.54,USD,settled,2026-07-04T20:45:00Z,corr-1795
F-1796,crm-sync,orbit-pay,LATAM,webhook,79828.35,USD,settled,2026-07-04T20:52:00Z,corr-1796
F-1797,crm-sync,summit-fx,AMER,ach,44101.76,INR,retrying,2026-07-04T20:59:00Z,corr-1797
F-1798,payments-core,nimbus-kyc,LATAM,webhook,65044.46,USD,settled,2026-07-04T21:06:00Z,corr-1798
F-1799,crm-sync,summit-fx,APAC,api,39227.98,INR,settled,2026-07-04T21:13:00Z,corr-1799
F-1800,payments-core,nimbus-kyc,EU,file,70545.2,INR,settled,2026-07-04T21:20:00Z,corr-1800
